:10000000C3BD00180FC32D05C303FE00C3BD000010
:10001000C306FE00C3140100C309FE000000000077
:10002000C30CFE0000000000C3DB0D000000000058
:10003000C312FE00C3460100C315FE00000000000D
:10004000011111000000000000000000000000008D
:1000500000000000000000000000000000000000A0
:10006000000000000000C300FEC32001C3D403C38E
:10007000EE02C30403C31D01C3DB0DC3C604C31ECC
:1000800001C31D01C31D01C31D01C31D01C31D010A
:10009000C31D01C31D01C31D01C32201C32201C32E
:1000A0002201C32201C32201C32201C32201C322B0
:1000B00001C32201C32201C32201C32201F3310083
:1000C000FD110000210000016900EDB01100FE21CA
:1000D0006900015400EDB021FFFB2260FE3EFFCD20
:1000E0006E043EFFCD9C04CDD21C3A4000CD7C0175
:1000F000CDB702CDAC1ACDE903CDE9033E01CDEC7D
:10010000013E2DCDD4033E20CDD40311CB1CCDF127
:1001100003CDE9033100FDCDC80DC33B0FC9ED4D43
:10012000ED45AFC95E235623CD2F013C10F6C9F52E
:10013000C5E52100FE06004F87814F0936C32373B2
:100140002372E1C1F1C92AF2FFE5F1ED4BF4FFEDB5
:100150005BF6FF2AF8FFF7F5E122F2FF22F8FFED48
:1001600053F6FFED43F4FFC9F5C5E52101FE060096
:100170004F87814F095E2356E1C1F1C9CD9201F548
:10018000D532FBFF87C60FCD68013E09CD2F01D1C7
:10019000F1C9F5D532FAFF87C60ECD68013E08CD0C
:1001A0002F01D1F1C97B87C60ECD6801EBE9F57B44
:1001B00087C60FCD6801EBF1E9C5D501F2010B79D6
:1001C000B0C2BE011B7BB220F2D1C1C9ED5BFAFF08
:1001D000C9ED5B60FEC9ED5360FEC926073AAFFE6C
:1001E0006F065A0E3116011E003E00C9B7C8D5E58C
:1001F000CD3208B72831FE05302DFE032011113C09
:1002000002CDF103116702CDF103CD071D1818FED1
:10021000042005CD331D180F5F160021B1021919F6
:100220007E23565FCDF103E1D1C9FE0A3802D6091B
:100230004F7BC3F61CFE01CA0300C700536D616CFF
:100240006C20436F6D7075746572204D6F6E6974AC
:100250006F72200044657669636573206465746518
:10026000637465643A05006279205374657068654B
:100270006E204320436F7573696E732028777777FC
:100280002E7363632E6D652E756B2905566572732B
:10029000696F6E20312E302E3020636F6E66696775
:1002A00075726174696F6E205A3120666F7220001A
:1002B000003B023C025402AF3262FEC93262FEC908
:1002C000CD24FECD18FE28F8FE0A28F4FE0DC8FE47
:1002D0001B28043262FEC9AFFE01C93A62FEB7C0F4
:1002E000CD18FE2005CD24FE18F63262FEC93A6212
:1002F000FEB72807F5AF3262FEF1C9CD18FEC0CDBA
:1003000024FE18F73A62FEB7C0CD18FEC83262FE6E
:10031000C9F5E52A63FE7EB72812FE272007237E53
:10032000B728091804CDA706772318EAE1F1C91107
:1003300000FDAF123E7FC348031100FDCD91053E85
:100340007FC34803F5AF12F1D5E5ED5363FE6F2D82
:10035000631AB72812CDD403131AB720F83E08CD7C
:10036000D4031B7BBC20F6CDEE02CB7F20F9FE1B15
:100370002838FE08283CFE0D2850FE2038E9F57B81
:10038000BC201A1AB728163E20CDD403AF12131A78
:10039000B720F43E08CDD4031B7BBC20F6F1127BC2
:1003A000BD28C41ACDD4031318BDCDE9033E1BBF2D
:1003B000181F7BBC28B13E08CDD4033E20CDD4030A
:1003C0003E08CDD4031BAF12189DAF12CDE9037BBD
:1003D00094E1D1C9F5FE0520093E0DCD1BFE28FB99
:1003E0003E0ACD1BFE28FBF1C9F53E05CDD403F135
:1003F000C9F51A13B72805CDD40318F6F1C9110CA5
:1004000004B72803110D043E0CC32F01C9F5CDF824
:100410001C2002F1C9C5D5E52167FE3520073A68E1
:10042000FE77CD27FE2165FE352024360A2169FEA0
:100430003520073A6AFE77CD2AFE2166FE35200F69
:10044000360A216BFE3520073A6CFE77CD2DFEE192
:10045000D1C1F1C90E0118060E0218020E030600E2
:100460002165FE090977237779C60CC32F01326E07
:10047000FEAF181C3A6FFEC9CDB204A0C9CDB204BC
:10048000B0180DCDB2044F782FA11804CDB204A836
:10049000473A6EFE4F78326FFEED79C9326DFEAF8E
:1004A0003A6DFE4FED78C9CDB2043A6DFE4FED784E
:1004B000A0C921BE044F060009463A6FFEC90102D9
:1004C00004081020408021D8044779FE2AD07806FD
:1004D00000090946236668E93502EE02D4030403E5
:1004E00044032F03F103E903DB012F01B901EC0100
:1004F00068017C0192017F01A501AE0124FEFE038B
:10050000540458045C046E049004740478047D045C
:1005100083048C049C04A004A7042A026B0F4A1BCA
:10052000BD0FB40FC60FCC01D101D601C9214A05B8
:1005300079FE0330090600090946236668E9AF47DA
:10054000676FC9C3EE027BC3D403000043054605B1
:10055000F5C5D51AB7280847131ACD010610F9D1E9
:10056000C1F1C9F5D51AB72806CD01061318F6D181
:10057000F1C9E52A70FE3600E1C9F5E52A70FE7E74
:10058000B7280BC547237ECDA7067710F8C1E1F148
:10059000C9F5D5E52A70FE7EB7280823C54F0600A9
:1005A000EDB0C1AF12E1D1F1C9E52A70FE7EE1C91B
:1005B000F5AFCDB705F1C9F5D5B720051180FD3EE2
:1005C00080ED5370FE3272FEAF12D1F1C9D5ED5BF2
:1005D00070FECDD705D1C9F5C5D51AB72808471380
:1005E0001ACDD40310F9D1C1F1C9F5CD35063E3A83
:1005F000CD0106CD5B06F1C9F5CD6C06CD0106F146
:10060000C9F5D5E55F2A70FE7E343C856F30012444
:1006100073E1D1F1C9F5D5CD77067ACD25067BCD2D
:100620002506D1F1C9F5E60FFE0A3802C607C63025
:10063000CD0106F1C9F57ACD15067BCD1506F1C9B8
:10064000F53E05CD0106F1C9F5C5E5472A70FE96D0
:1006500038052803CD6306E1C1F1C9F53E20CD017F
:1006600006F1C9F5CD5B063D20FAF1C9FE2038043C
:10067000FE7F38023E2EC9F55F1F1F1F1FE60F5772
:100680007BE60F5FF1C9CDA706FE30380CFE3A3885
:100690000CFE413804FE4738043EFFB7C9D630FE91
:1006A0000A3802D607BFC9FE61D8FE7BD0D620C962
:1006B000C52100001AFE2B2831FE242815FE27280C
:1006C0004EFE22284AFE30200A131ACDA706FE58F5
:1006D0002001131AFE29283CFE213838CD86062039
:1006E000361329292929B56F18E9131AFE29282458
:1006F000FE213820CD3D07301ECD8606201913D5AA
:100700000609545D1910FDD1856F30DF2418DC1304
:100710001A6F2600C1AFC9C13EFFB7C9F5C52B4747
:1007200023CB7E28FB10F9C1F1C9FE30380DFE3A0B
:10073000D8CDA706FE413803FE47D8B7C9FE3038EA
:1007400003FE3AD8B7C9C50600D504D1D5CB7E2063
:10075000032318F97EFE80282D7EE67F4F1A23138F
:10076000CDA706B920E41AFE213806CB7E28EA1868
:10077000D9CB7E28D5E1E1E52B2B48232310FC467D
:10078000236668791802C1AFB7C1C9C5018B07CD0F
:100790004607C1C9F53E24CD0106F1C9CDE4133E9B
:1007A0002FCD48063E3ECD0106C35B06F5C5D5CD2F
:1007B000B005CDEA050610CD5B061ACD1506137BF4
:1007C000E607CC5B0610F0D1CD5B0606101ACDF81B
:1007D000051310F9CD4006C1F1C9114B082173FE74
:1007E0000175FE1809116E082181FE0183FECDB04E
:1007F000051A13FE2C280CFE2D2816B72830CD0123
:100800000618EED55E235623CD3506D1CD5B0618EE
:10081000E050590E802191087EFE2D28091AA1284A
:10082000037E18023E2DCD010623CB3930EACD40A0
:1008300006C9FE20D8FE2AD0D6205F1600213C0B28
:1008400019197E23565FCDF103AFC950433A2C41AD
:10085000463A2C42433A2C44453A2C484C3A2C49CF
:10086000583A2C49593A2C466C6167733A2D5350CB
:100870003A2C4146272C4243272C4445272C484CF0
:10088000272C2853292C49523A2C466C6167732730
:100890002D535A2D482D504E4342616420636F6D95
:1008A0006D616E64050042616420706172616D6506
:1008B000746572050053796E746178206572726F89
:1008C000720500427265616B706F696E74207365AA
:1008D000740500427265616B706F696E7420636CA1
:1008E00065617265640500556E61626C6520746FA8
:1008F0002073657420627265616B706F696E74201D
:1009000068657265050046656174757265206E6F75
:100910007420696E636C756465640500526561647A
:1009200079050046696C65206572726F7205004D2D
:100930006F6E69746F7220636F6D6D616E64733A70
:100940000541205B3C616464726573733E5D2020E9
:100950003D20417373656D626C652020202020204E
:1009600020207C202044205B3C61646472657373AA
:100970003E5D2020203D20446973617373656D6284
:100980006C65054D205B3C616464726573733E5D0C
:1009900020203D204D656D6F727920646973706C05
:1009A000617920207C202045205B3C616464726575
:1009B00073733E5D2020203D2045646974206D6581
:1009C0006D6F72790552205B3C6E616D653E5D20F6
:1009D000202020203D205265676973746572732F53
:1009E0006564697420207C202046205B3C6E616D2C
:1009F000653E5D2020202020203D20466C616773ED
:100A00002F656469740542205B3C616464726573A0
:100A1000733E5D20203D20427265616B706F696E90
:100A2000742020202020207C202053205B3C616407
:100A300064726573733E5D2020203D2053696E67AC
:100A40006C6520737465700549203C706F72743E4C
:100A5000202020202020203D20496E7075742066C3
:100A6000726F6D20706F7274207C20204F203C705C
:100A70006F72743E203C646174613E203D204F756E
:100A80007470757420746F20706F72740547205BEA
:100A90003C616464726573733E5D20203D20476F46
:100AA00020746F2070726F6772616D05424155440A
:100AB000203C6465766963653E203C726174653EE6
:100AC000202020202020202020202020207C2020CA
:100AD000434F4E534F4C45203C6465766963653EF9
:100AE0000546494C4C203C73746172743E203C6551
:100AF0006E643E203C627974653E202020202020D8
:100B000020207C2020415049203C66756E6374692A
:100B10006F6E3E205B3C413E5D205B3C44453E5D4C
:100B200005444556494345532C204449522C2048FE
:100B3000454C502C20524553455405009908A608B1
:100B4000B508C308D308E7082F0906091C092309BB
:100B5000CD1103E5060121BD16CD4607284D3C32D7
:100B60008FFECDAD0CED5390FECDBD0C626BCDADC7
:100B70000CED5392FECDBD0CAF77123294FE329A3B
:100B8000FE2A90FECD4B0C2A92FECD4B0CDD21228D
:100B900018AF3295FE3298FECDC90C2811C5060556
:100BA000DD2310FCC1DD7E01B720E6E1AFC9E10E17
:100BB000003A94FEB7280377230CDDCB037E280D83
:100BC0003ECBDDCB037628023EED77230CCD370CF0
:100BD0003A95FEDDB60077230CCD370C3A98FEB778
:100BE000284D473A8FFEFE1B2804FE1C202CE5549E
:100BF0005D132A96FE7CB77D281BB7ED52380A7C20
:100C0000B7200ECB7D280D18087C3C2004CB7D201E
:100C100003E1181E7DE17723181578FE0228063AB5
:100C200097FEB7200D1196FE1A7713230C10F97951
:100C3000B7C9AF3E21BFC979FE02C03A9AFEB7C814
:100C40003A99FE77230CAF329AFEC9545D7EFE2896
:100C50002012237EFE48200C237EFE4C2006237E9D
:100C6000FE29283BFE49C0230E007EFE5820020EBE
:100C7000DDFE5920020EFD79B7C83294FE2B3648AE
:100C800023364C3A8FFEFE1EC8237EFE2BC0D52392
:100C9000545DCDB0067D3299FE3EFF329AFED13AC8
:100CA0008FFEFE1EC8626B362D233600C91AB7C8E8
:100CB000FE2C2804FE2130031318F2B7C91AB7C856
:100CC000FE2CC8FE21D81318F43A8FFEDDBE02C0F8
:100CD000ED5B90FEDD7E03E63FCDEC0CC0ED5B925C
:100CE000FEDD7E04E63FCDEC0CC0AFC94FFE0E38F2
:100CF0000E21BD16CD4607286D3CB9286D1867FE3C
:100D00000120031AB7C821981687856F3001244E39
:100D10002346CB6828061A13FE28204ACB602812E7
:100D2000CDB00620412296FE3E01CB5828013C3230
:100D300098FECB6828061A13FE29202A79B7282A9C
:100D400021BC16CD1C07CD6C0D201B78E60321B409
:100D500016856F3001244679CB3838030718F921FE
:100D600095FEB67718043EFFB7C9AFC9FE13201C25
:100D7000E5CDB0067DCD77067AF63032F0FD7BF614
:100D80003032F1FDAF32F2FD11F0FDE10EFFCB503C
:100D9000200D0C1AAEE67F282B23CB7E28F4C90C3D
:100DA0001AFE4820023E2AAEE67F232011131AFEC7
:100DB0004C20023E2AAE280C1B7EFE2E280623CB9A
:100DC0007E28DCC9131AB7C9CDD00ECD8E0E2128CE
:100DD0000036C32311DB0D732372C9ED4377FEED9B
:100DE0005379FE227BFEDD227DFEFD227FFEE12B7C
:100DF0002273FEED7381FEE3228BFEE3F5E12275A3
:100E0000FEED57328EFEED5F328DFE2A73FE7D546D
:100E10002A9BFEBD20127ABC200ECDD00E3A9EFE3B
:100E2000B7200B11000F1803110C0FCDF103CDDA11
:100E300007CDCD053A9EFEB7CA0300CDC002C2035E
:100E4000002A73FECDE413545DCD4006CDCD05CD13
:100E5000EB14CDF20E2805CDB60E280C626B1112E4
:100E60000FCDF103CDB60EC03A8EFEED472A75FECA
:100E7000E5F1ED7B81FE2A73FEE5FD2A7FFEDD2A8A
:100E80007DFE2A7BFEED5B79FEED4B77FEC92100EE
:100E9000001804CDF20EC8229FFEC9AF329EFE2A72
:100EA0009FFECDB60EC3680E3E01329EFE2A73FE33
:100EB000CDB60EC3680ECDD00E7CB5C87E329DFE79
:100EC00036EF7EFEEF2005229BFEAFC93EFFB7C97D
:100ED000F5E52A9BFE7DA4FEFF280F7EFEEF200491
:100EE0003A9DFE7721FFFF229BFE3EEF329DFEE101
:100EF000F1C97CB7C83E1DBCD83E00BCC8D0AFC944
:100F0000427265616B706F696E7405005472617036
:100F100005005374657070696E67206F7665722086
:100F2000636F646520696E20524F4D206F72206997
:100F30006E206D6F6E69746F720500CDB0053E2A2C
:100F4000CDD403AF32A3FECDDB02FE3A2008CD4D57
:100F50001ACDBC0218F1FE2D200932A3FEAFCDBC84
:100F60000218E4CD2F03CD6B0F18D01AFE202003FA
:100F70001318F8FE00C821F112012613CD460728E8
:100F80000501A90FC5E9D5CD4F1BD1C8626B230E52
:100F9000207E714F7E23B720F821F112012613CD58
:100FA0004607280701A90FC5E9AFC93E20CDEC01CE
:100FB0003EFFB7C91AB7C8FE21D81318F71AB7C829
:100FC000FE21D01318F7C54FCDBD0FB72835CD2A58
:100FD0000730252100001AFE213824CDA706CD8632
:100FE000062029CB25CB14CB25CB14CB25CB14CB7A
:100FF00025CB14B56F1318DECDB0062802180DC12D
:10100000AF37C979E602C41710C1AFC979E601C488
:101010001710C13EFFB7C9CD1C1013C9F53E21CD35
:10102000EC01F1C93AA3FEB7C93E03CDC60FD04DBE
:101030003E01CDC60F453E01CDC60FEB78F7CD156D
:1010400006CD5B06CD3506CD4006C3CD052AA1FEF3
:101050003E01CDC60FC022A1FECD9C07CDCD05CD52
:101060002F032005FE1BC818ED2AA1FE1AFE2EC86C
:10107000CD500B28112AA1FECDB005CDE413CD40F3
:1010800006CDCD0518D0B720023E22CDEC012AA115
:10109000FE18C32AA1FE3E01CDC60FC03807CD8E73
:1010A0000E3E241809CD930E3E2320023E25C3ECAC
:1010B000013E03CDC60FD07DB7CA1C10FE0A380210
:1010C000D609FE07D21C10CD7C01C9C3331DCD0E3D
:1010D0001BCD161BC0CDD81BCDD7053E2ECDD403BE
:1010E000CDDF1BE60F87876F260011F71019EBCDB8
:1010F000F103CDE90318DA44415400434F4D004554
:10110000584500484C5000545854003F3F3F002A77
:10111000A1FE3E01CDC60FC01614CDE413CD40068E
:10112000CDCD051520F422A1FECDC00228EAC92AA2
:10113000A1FE3E01CDC60FC022A1FECD2410200B82
:10114000CD9C07CDCD05CD2F031819CDB005545D2D
:1011500023CD3506CD5B06CDCD05CDB0051ACD1519
:1011600006CD39032005FE1BC818CD2AA1FE1AB7EB
:1011700028C6FE2EC8FE222815FE5E281AE56F3E00
:1011800001CDC60F7DE120B030AE772318E0131AF1
:10119000B728A5772318F72B189ECDBD0F2814214B
:1011A000AA1301C413CD4607CA1C103A75FEA5B494
:1011B0003275FECDDA07C3CD053E03CDC60FD02272
:1011C000A1FE3E03CDC60FD0444D3E03CDC60FD089
:1011D0005D2AA1FE2B23737DB920FA7CB820F6C9C5
:1011E0003E01CDC60FC030102273FE21C0FC11039A
:1011F000002B722B732281FEC39B0E3E03CDEC01AC
:10120000CDE9033E26CDEC01CD0E1BCD161BC0CD86
:10121000DF1BFE0320F5CDC41BCDF10318ED3E030B
:10122000CDC60FD04DED78CD1506CD4006C3CD050A
:101230002AA1FE3E01CDC60FC0545D0E08CDAC07FD
:10124000CDCD050D20F7626B22A1FECDC00228E9AD
:10125000C93E03CDC60FD04D3E03CDC60FD07DEDA8
:1012600079C9CDBD0F200CCDDA07CDCD05CDE50771
:10127000C3CD05D5215013017C13CD4607D1CA1C1F
:1012800010CDB0050E001AFE1F380ACDA706CD01FD
:10129000060C1318F13E3ACD0106CD5B065E2356CF
:1012A0002B79FE0120067BCD15061803CD35063EB1
:1012B00002CD6306CDCD05CD2F03C8E53E03CDC6D7
:1012C0000F5D54E1D07379FE01C82372C9F3C300E6
:1012D000003E01CDC60FC030102273FE21C0FC11AC
:1012E00003002B722B732281FEC3A80E3E27C3EC92
:1012F00001BFC1C2C4C5C6C7C9CDCFD2D3C1504931
:10130000C2415544C34F4E534F4C45C445564943C3
:101310004553C44952C6494C4CC8454C50D245531C
:101320004554D24F4D80FB114D1093100F112F11CA
:101330009A11E0111E12301251126212D1122910AC
:10134000EC12B110CB10CE10B911FB110000CE1071
:10135000D043D350A829A8535029C146C243C445FD
:10136000C84CC958C959C14627C24327C44527C8D4
:101370004C27C1C6C2C3C4C5C8CCC98073FE81FE98
:101380008BFE8BFE75FE77FE79FE7BFE7DFE7FFE7B
:1013900083FE85FE87FE89FE76FE75FE78FE77FE6B
:1013A0007AFE79FE7CFE7BFE8EFED3CE53CDD0DA64
:1013B000CE5AC8CE48D041CE50D045D04FCECE4EDA
:1013C000C3CE43807F807F007F807F00BF40BF000F
:1013D000EF10EF00FB04FB00FB04FB00FD02FD002F
:1013E000FE01FE00C5D53E1411D0FDCDB705CD21BF
:1013F000144FCDB005545DCDEA05417ECD1506CD27
:101400005B062310F63E13CD4806411ACDF80513AE
:1014100010F93E19CD480611D0FDCD500579D1C146
:10142000C9C5D5E5DDE5FDE5E5FDE1DD212218AF26
:1014300032A4FE5F56477AFEDD2804FEFD20073207
:10144000A4FE04FD7E01FECB2804FEED200D5F040A
:101450003AA4FEB77828013CCD1D165732A7FEDD11
:101460007E00DDA6014FDD7E01A2B92014AFDDCBE9
:10147000037E280A3ECBDDCB037628023EEDBB2857
:1014800009C5010500DD09C118D5DD7E0232A5FEC2
:10149000CD3F16CD5B06DD7E0332A6FE4ACD861516
:1014A000DD7E043D280C3E2CCD0106DD7E044ACDB8
:1014B00086153AA5FEFE1B2804FE1C202411931657
:1014C000CD6305FDE5E123233AA8FE5F1600CB7F3F
:1014D00028011519545DCD9407CD35063E29CD015F
:1014E00006783CFDE1DDE1E1D1C1C9F5C5D53AA5FC
:1014F000FEFE1B385CFE2330583AA6FE0618FE0A94
:1015000028060638FE0B201B3AA7FEA01F1F1F1F30
:1015100047E521B716042310FD3A75FE3801AEA643
:10152000E1285F3AA5FEFE1F2855FE1C2811FE1E6D
:101530002821FE1B280FFE1D283B2A81FE18303A69
:1015400078FE3D283D3AA8FE5F1600CB7F280115A6
:1015500019182F3AA6FEFE0B2825FE042821217B10
:10156000FE3AA4FEB728082323FEDD280223237EAB
:1015700023666F180D3AA7FEE6386F260018032A77
:10158000A8FED1C1F1C9E63FFE0ED23F16D5E52136
:10159000981687856F3001245E2356D5CB6A2805BF
:1015A0003E28CD0106CB62281FCD94070478CD1DBF
:1015B0001632A8FE5FCB5A280B0478CD1D1632A92F
:1015C000FECD15067BCD1506CB6A28053E29CD013B
:1015D00006D17BB728447AE60321B416856F300123
:1015E000247EA14F7ECB3F3804CB3918F8CB52284C
:1015F00002CB217B21BC16CD1C0779856F300124DD
:101600007EFE2A20073E18CD3F16180ECD2C16CB95
:10161000522807237EFE2EC42C16E1D1C9C5FDE554
:101620004F0600FD09FD7E00FDE1C1C9F5E67FFE24
:101630002D2805CD010618053E15CD3F16F1C9F53B
:10164000E56FFE152804FE18200C3AA4FEB7280604
:101650002CFEDD28012C7D21BC16CD1C077EE67FEB
:10166000FE2B2805CD010618223AA5FEFE1E2007F6
:101670003E29CD010618193E2BCD0106CD9407FD5C
:101680007E02CD15063E29CD01060423CB7E28CD52
:10169000E1F1C9202028746F200000000010003004
:1016A000001800380E030E000F0610061105120771
:1016B00013071403071830384001048080EEA86E29
:1016C00029EE6EA86E6E29F2F232E464F171E3E362
:1016D00063F4E2C2434445484C2D41C24344452A89
:1016E0002A5350C24344452A2A4146CE5A5A2E4EC6
:1016F00043432ECE5A5A2E4E43432E504F50455000
:101700002E4D2EB03030383130313832303238331F
:10171000303338B031323334353637A8484C29A805
:1017200049582BA849592BC84CC958C959CA52C441
:101730004A4E5AD25354CA50C3414C4CD24554D24B
:10174000455449D245544EC1A8535029C146C445B9
:10175000B0B1B2A8424329A8444529D350C9D2A860
:101760004329C14627C14443C14444C14E44C249F0
:1017700054C34346C350C35044C3504452C350495A
:10178000C3504952C3504CC44141C44543C449C5E8
:1017900049C558C55858C8414C54C94DC94EC94E81
:1017A00043C94E44C94E4452C94E49C94E4952CC10
:1017B00044CC4444CC444452CC4449CC444952CE19
:1017C0004547CE4F50CF52CF544452CF544952CFB9
:1017D0005554CF555444CF555449D04F50D05553FC
:1017E00048D24553D24CD24C41D24C43D24C4341C7
:1017F000D24C44D252D25241D25243D2524341D21D
:101800005244D34243D34346D34554D34C41D34CA3
:101810004CD35241D3524CD35542D84F52BF3F3F85
:101820003F8088F8312307CEFF3123024ACF31D8D9
:101830000880F8322307C6FF32230209CF32180886
:10184000A0F8330701E6FF33020140C0348D07C41E
:10185000C71F0B04CDFF1F04013FFF350101B8F87E
:10186000360701FEFF360201A9FF37C101B9FF3873
:10187000C101A1FF39C101B1FF3AC1012FFF3B01F5
:101880000127FF3C01010BCF3D080105C73D0601C3
:10189000F3FF3E010110FF1C0201FBFF3F0101E3CA
:1018A000FF40241808FF402530EBFF402618D9FFE1
:1018B00041010176FF42010146FF43E70156FF4324
:1018C000E8015EFF43E90140C744C62FDBFF442324
:1018D0000303CF45080104C7450601AAFF46C1011D
:1018E000BAFF47C101A2FF48C101B2FF49C101E9E6
:1018F000FF1E1501C2C71E0B04C3FF1E040120E713
:101900001B0A0218FF1B020140C04A060702FF4AD9
:101910002A2312FF4A2B2332FF4A052322FF4A05BE
:101920001843CF4AC5080AFF4A232A1AFF4A232B25
:101930003AFF4A23052AFF4A1805F9FF4A2C1801E5
:10194000CF4A08044BCF4AC80557FF4AE32D5FFF33
:101950004AE32E47FF4AED234FFF4AEE2306C74ACC
:101960000602A8FF4BC101B8FF4CC101A0FF4DC149
:1019700001B0FF4EC10144FF4FC10100FF50010102
:10198000B0F8510701F6FF510201BBFF52C101B38C
:10199000FF53C10141C754EF06D3FF540323ABFFEC
:1019A00055C101A3FF56C101C1CF570901C5CF5889
:1019B000090180C0598D07C9FF200101C0C7200B54
:1019C000014DFF21C10145FF22C10110F85A8701D5
:1019D00017FF5B010100F85C870107FF5D01016FE4
:1019E000FF5EC10118F85F87011FFF60010108F861
:1019F0006187010FFF62010167FF63C101C7C71D56
:101A00000C0198F8642307DEFF64230242CF64D8F8
:101A10000837FF650101C0C0668D0720F8678701A0
:101A200030F868870128F869870138F86A870190DB
:101A3000F86B0701D6FF6B0201A8F86C0701EEFFF7
:101A40006C020100006D010100006DC1010E00CDAE
:101A5000EE02FE2038F9FE3AC0CD991A47814FCDEB
:101A6000991A57814FCD991A5F814FCD991A678185
:101A70004F78B72809CD991A1213814F10F7CD99D5
:101A80001A814F7CFE0120C779B73E2828023E29E3
:101A9000CD3208AF3E053E0DC9CDEE02CD8606071C
:101AA0000707076FCDEE02CD8606B5C9CD6E1CAF18
:101AB00032ACFECDC71ACD0E1BCD161BC03AEAFFC5
:101AC000CB7FC4931B18F23E002EF0CDEC1B21E01F
:101AD000FF11D0FF011000EDB03E012EF0CDEC1B48
:101AE000CDFE1A20053E0A32ACFE3E022EF0CDECB1
:101AF0001BCDFE1AC03AACFEF60C32ACFEC9061085
:101B000021E0FF11D0FF1ABEC0231310F9C9AF3274
:101B1000AAFE32ABFEC921ABFE7ED610776F3AAA81
:101B2000FED5CDEC1BD12AE0FF7DAC3CC83AAAFE25
:101B30003C4732AAFEE604C00E01CB0110FC3AACD1
:101B4000FEA120E9AF32ABFE18CCED5BADFEC9EDD6
:101B500053ADFECD0E1BCD161BC03AEAFFE60FFEBD
:101B6000012804FE0220EFED5BADFE21E2FF060836
:101B70007EFE202815CDA7064F1AFE2138D8CDA706
:101B800006B920D2231310E818091AFE2130C7ED38
:101B900053ADFE3AEAFFCB77200C3AAAFEED5BECA0
:101BA000FFCD751CAFC92AECFFED4BEEFF3AEBFF02
:101BB000571E003AAAFECDA71C3AEBFF672E000184
:101BC000A41BC5E92AECFFED4BEEFF1180FD3AAAFC
:101BD000FECDA71C1180FDC93E0811E1FF12C93AD4
:101BE000EAFFC9ED5BECFFED4BEEFFC9263F11E0CC
:101BF000FF011000CDA71C3AEDFFE63F32EDFFC913
:101C0000AFC9DBF8E601C8DBF9C9DB03CB47C8DBAA
:101C100001C9C54F0608CD351C790F380CCD351CD0
:101C200010F8C1CD411CF6FFC9CD411C10ECC1CD4F
:101C3000411CF6FFC9F5AFD3F93E073DC23B1CF18D
:101C4000C9F5F6FFD3F93E073DC2481CF1C9C50EE0
:101C500003ED40CB50C1C8D301F6FFC921651C0676
:101C600009EDB3AFC91814C403C105EA1100AF32BE
:101C7000F0FFD338C9D521851C1180FF012200ED6A
:101C8000B0D1C380FF473AF0FF32F1FF7832F0FF66
:101C9000D33E0FD33F0196FFC5D5C93AF1FF32F0CD
:101CA000FFD33E0FD33FC9C5D5E521BB1C1180FF33
:101CB000011000EDB0E1D1C1C380FFD33F0FD33E8F
:101CC000EDB03AF0FFD33F0FD33EC95A323830520D
:101CD0004300AF32AFFECD001C200F21AFFECBC6BC
:101CE00021EE1C06043E10CD2401AFC37D04021C6E
:101CF000121C0A1C4E1CAFC93AB0FEC60632B0FE1A
:101D00003802AFC9F6FFC9110D1DC3F10342696C5A
:101D10006C205368656E2773205A32383020626118
:101D2000736564205A323830524320737973746576
:101D30006D050021AFFE113F1DCB46C4F103C93133
:101D4000203D205A38302053494F20706F72742044
:101D5000412028403030290532203D205A3830209B
:101D600053494F20706F727420422028403031292F
:101D70000500FFFFFFFFFFFFFFFFFFFFFFFFFFFF6C
:101D80000000000000000000000000000000000053
:101D90000000000000000000000000000000000043
:101DA0000000000000000000000000000000000033
:101DB0000000000000000000000000000000000023
:101DC0000000000000000000000000000000000013
:101DD0000000000000000000000000000000000003
:101DE00000000000000000000000000000000000F3
:101DF00000000000000000000000000000000000E3
:101E000000000000000000000000000000000000D2
:101E100000000000000000000000000000000000C2
:101E200000000000000000000000000000000000B2
:101E300000000000000000000000000000000000A2
:101E40000000000000000000000000000000000092
:101E50000000000000000000000000000000000082
:101E60000000000000000000000000000000000072
:101E70000000000000000000000000000000000062
:101E80000000000000000000000000000000000052
:101E90000000000000000000000000000000000042
:101EA0000000000000000000000000000000000032
:101EB0000000000000000000000000000000000022
:101EC0000000000000000000000000000000000012
:101ED0000000000000000000000000000000000002
:101EE00000000000000000000000000000000000F2
:101EF00000000000000000000000000000000000E2
:101F000000000000000000000000000000000000D1
:101F100000000000000000000000000000000000C1
:101F200000000000000000000000000000000000B1
:101F300000000000000000000000000000000000A1
:101F40000000000000000000000000000000000091
:101F50000000000000000000000000000000000081
:101F60000000000000000000000000000000000071
:101F70000000000000000000000000000000000061
:101F80000000000000000000000000000000000051
:101F90000000000000000000000000000000000041
:101FA0000000000000000000000000000000000031
:101FB0000000000000000000000000000000000021
:101FC0000000000000000000000000000000000011
:101FD0000000000000000000000000000000000001
:101FE00000000000000000000000000000000000F1
:101FF00000000000000000000000000000000000E1
:10200000C30620C39620DD210000C31120A9281F8C
:1020100030210040F9C33E3C11D02206632100402C
:102020001A77231305C22020F9CDD124CD9F2A325F
:10203000AA4032F94021E520CD3D31CDEE24CDF747
:1020400027B7C24C200E28F7EB231812CDC328B7B0
:10205000C29F23EB2B3ED94677BE70C235202B1191
:102060005C41CD6726DA352011CEFF22AF40192220
:102070005A40CDAC242A5A4011EFFF1911F9407D86
:10208000936F7C9A67E521AE20CD3D31E1CDE037FD
:10209000219F20CD3D31316640CDD124C3EA23209C
:1020A000427974657320667265650D0A00005A38BE
:1020B000302042415349432056657220342E376206
:1020C0000D0A436F7079726967687420284329206C
:1020D00031393738206279204D6963726F736F66CA
:1020E000740D0A00004D656D6F727920746F700079
:1020F000553619376B360340FD2F82332B30DF38CE
:10210000BE39FA342D39333A393A9A3AAF3AD6339E
:102110001A3B5140AF32C7304933BE32CF323C3B1D
:10212000CF3BDF320F331933C54E44C64F52CE4535
:102130005854C4415441C94E505554C4494DD245D8
:102140004144CC4554C74F544FD2554EC946D24551
:1021500053544F5245C74F535542D2455455524E92
:10216000D2454DD3544F50CF5554CF4ECE554C4CF5
:10217000D7414954C44546D04F4B45C44F4B45D336
:10218000435245454ECC494E4553C34C53D7494421
:102190005448CD4F4E49544F52D34554D2455345E0
:1021A00054D052494E54C34F4E54CC495354C34C4F
:1021B000454152C34C4F4144C353415645CE455708
:1021C000D4414228D44FC64ED3504328D448454E1C
:1021D000CE4F54D3544550ABADAAAFDEC14E44CF21
:1021E00052BEBDBCD3474EC94E54C14253D55352C3
:1021F000C65245C94E50D04F53D35152D24E44CC03
:102200004F47C55850C34F53D3494ED4414EC15484
:102210004ED045454BC445454BD04F494E54CC4517
:102220004ED3545224D6414CC15343C3485224C8C0
:10223000455824C2494E24CC45465424D2494748E7
:102240005424CD4944248041283E27192C8E29202E
:102250002B552E4F2BA5294B292E291D2A07283A0D
:1022600029692990293F288E33FF29802894333308
:1022700030DD33253B90290B3BFE3A033B3B3C547E
:10228000405740412A6D28B326E82890299029AB71
:102290002479C73779FB337C39357C9A357FE83828
:1022A00050AE2D46AD2D4E46534E52474F444643F9
:1022B0004F564F4D554C425344442F304944544D92
:1022C0004F534C535354434E55464D4F4858424E2E
:1022D000C39620C3BE28D300C9D6006F7CDE00673A
:1022E00078DE00473E00C9000000354ACA99391C13
:1022F00076982295B3980ADD479853D199990A1A8E
:102300009F9865BCCD98D6773E9852C74F80DB002A
:10231000C901FF1C00001400140000000000C3E409
:1023200025C30000C30000C300005D41FEFFFA406A
:10233000204572726F720020696E20004F6B0D0A8B
:102340000000427265616B00210400397E23FE812A
:10235000C04E234623E569607AB3EBCA6223EBCD16
:102360006726010D00E1C809C34C23CD8523C5E3D1
:10237000C1CD67267E02C80B2BC37123E52ADA4044
:10238000060009093EE53ED0956F3EFF9CDA942396
:102390006739E1D81E0CC3B3232AC940225C401E12
:1023A00002011E14011E00011E12011E22011E0A3E
:1023B000011E18CDD124324540CD922A21A62257A4
:1023C0003E3FCD7826197ECD7826CDF727CD7826CD
:1023D000213023CD3D312A5C4011FEFFCD6726CA56
:1023E00011207CA53CC4D8373EC1AF324540CD92C8
:1023F0002A213C23CD3D3121FFFF225C40CDE42545
:10240000DAF723CDF7273C3DCAF723F5CDC328D50E
:10241000CDFB2447D1F1D2D727D5C5AF32CC40CDA3
:10242000F727B7F5CD8B24DA3024F1F5CA6429B744
:10243000C5D24724EB2AD6401A020313CD6726C221
:102440003824606922D640D1F1CA6E242AD640E3EE
:10245000C109E5CD6B23E122D640EB74D123237370
:102460002372231161401A772313B7C26624CDB7B4
:102470002423EB626B7E23B6CAF723232323AFBE4C
:1024800023C27F24EB732372C373242A5E40444D1E
:102490007E23B62BC823237E23666FCD6726606913
:1024A0007E23666F3FC83FD0C38E24C02A5E40AFF4
:1024B0007723772322D6402A5E402B22CE402AAFB4
:1024C0004022C340AFCD07282AD64022D84022DA86
:1024D00040C12A5A40F921B34022B140AF6F672270
:1024E000D44032CB4022DE40E5C52ACE40C93E3F33
:1024F000CD78263E20CD7826C34E40AF32AE400E7A
:10250000051161407EFE20CA832547FE22CAA3250D
:10251000B7CAAA253AAE40B77EC28325FE3F3E9E8B
:10252000CA83257EFE30DA2E25FE3CDA8325D511BE
:102530002721C5017F25C5067F7EFE61DA4725FE7E
:102540007BD24725E65F774EEB23B6F24925047E22
:10255000E67FC8B9C24925EBE5131AB7FA7B254FC8
:1025600078FE88C26A25CDF7272B237EFE61DA73B9
:1025700025E65FB9CA5925E1C3472548F1EBC9EB08
:1025800079C1D12312130CD63ACA9125FE49C294BF
:102590002532AE40D654C20425477EB7CAAA25B814
:1025A000CA832523120C13C39A25216040121312EB
:1025B0001312C93A4440B73E00324440C2C7250511
:1025C000CAE425CD78263E052BCADB257ECD7826AC
:1025D000C3ED25052BCD7826C2ED25CD7826CD9FE0
:1025E0002AC3E4252161400601AF324440CDA22632
:1025F0004FFE7FCAB3253A4440B7CA06263E00CDF7
:102600007826AF32444079FE07CA4A26FE03CC9FA3
:102610002A37C8FE0DCA9A2AFE15CADE25FE40CA10
:10262000DB25FE5FCAD325FE08CAD325FE12C245AC
:1026300026C5D5E53600CD4F3C216140CD3D31E189
:10264000D1C1C3ED25FE20DAED2578FE493E07D243
:102650005F26797132CC402304CD7826C3ED25CD99
:1026600078263E08C359267C92C07D93C97EE3BE7E
:1026700023E3CAF727C39F23F53A4540B7C2723117
:10268000F1C5F5FE20DA9C263A4240473AAB4004B9
:10269000CA982605B8CC9F2A3C32AB40F1C1CD3850
:1026A0003CC9CDFC3AE67FFE0FC03A45402F32458B
:1026B00040AFC9CDC328C0C1CD8B24C5CD0927E10A
:1026C0004E23462378B1CAEA23CD1227CD2228C54E
:1026D000CD9F2A5E235623E5EBCDE0373E20E1CDAA
:1026E00078267EB723CABF26F2DF26D67F4F112871
:1026F000211A13B7F2F1260DC2F126E67FCD782616
:102700001A13B7F2FB26C3E226E52A4840224640C8
:10271000E1C9E5D52A464011FFFFED5A224640D1D6
:10272000E1F0E52A4840224640CDFC3AFE03CA3596
:1027300027E1C312272A4840224640C399203E641D
:1027400032CB40CDA529C1E5CD8E2922C74021023B
:102750000039CD4C23D1C26E2709D52B562B5E23D1
:1027600023E52AC740CD6726E1C25227D1F9EB0EF7
:1027700008CD7C23E52AC740E3E52A5C40E3CD672A
:102780002CCD6D26A6CD642CE5CD9236E1C5D501C4
:102790000081515A7EFEAB3E01C2AA27CDF727CD5C
:1027A000642CE5CD9236CD4636E1C5D5F533E52A24
:1027B000CE40E30681C533CD222822CE407EFE3AAC
:1027C000CAD727B7C29F23237E23B6CA4928235ED0
:1027D0002356EB225C40EBCDF72711B727D5C8D69F
:1027E00080DAA529FE25D29F23074F0600EB21475B
:1027F00022094E2346C5EB237EFE3AD0FE20CAF7BF
:1028000027FE303F3C3DC9EB2A5E40CA1C28EBCD79
:10281000C328E5CD8B246069D1D264292B22DC400A
:10282000EBC9DFC8D7FE1B2811FE03280DFE13C01D
:10283000D7FE11C8FE03280718F63EFF324D40C0F0
:10284000F6C022CE4021F6FFC12A5C40F57DA43CB3
:10285000CA5C2822D2402ACE4022D440AF32454022
:10286000CD922AF1214223C2D323C3EA232AD440A2
:102870007CB51E20CAB323EB2AD240225C40EBC9B0
:10288000CDC533C0324140C9E52A4A4006004F0950
:10289000224A40E1C97EFE41D8FE5B3FC9CDF72701
:1028A000CD642CCD4636FABE283AE740FE90DAEEEB
:1028B00036018090110000E5CDC136E151C81E08F7
:1028C000C3B3232B110000CDF727D0E5F5219819CC
:1028D000CD6726DA9F23626B19291929F1D6305F5B
:1028E000160019EBE1C3C728CABB24CDA0282BCD05
:1028F000F727E52AAF40CA0B29E1CD6D262CD5CDAF
:10290000A0282BCDF727C29F23E3EB7D935F7C9A12
:1029100057DA9423E52AD64001280009CD6726D24C
:102920009423EB225A40E122AF40E1C3BB24CAB753
:1029300024CDBB2401B727C34A290E03CD7C23C174
:10294000E5E52A5C40E33E8CF533C5CDC328CD9048
:1029500029E52A5C40CD6726E123DC8E24D48B2434
:1029600060692BD81E0EC3B323C016FFCD4823F9D0
:10297000FE8C1E04C2B323E1225C40237CB5C288D6
:10298000293ACC40B7C2E92321B727E33EE1013A17
:102990000E0006007948477EB7C8B8C823FE22CA91
:1029A0009429C39729CD5A2ECD6D26B4D53AAD4082
:1029B000F5CD762CF1E322CE401FCD692CCAF82943
:1029C000E52AE440E523235E23562A5E40CD6726B0
:1029D000D2E7292A5A40CD6726D1D2EF2921BF401C
:1029E000CD6726D2EF293ED1CD9E32EBCDD730CD6B
:1029F0009E32E1CDA136E1C9E5CD9E36D1E1C9CD0A
:102A0000C5337E47FE8CCA0E2ACD6D26882B4B0D12
:102A100078CADF27CDC428FE2CC0C30F2ACD762C60
:102A20007EFE88CA2B2ACD6D26A92BCD672CCD46DC
:102A300036CA9029CDF727DA4B29C3DE272BCDF7ED
:102A400027CA9F2AC8FEA5CAD22AFEA8CAD22AE54A
:102A5000FE2CCABB2AFE3BCAF52AC1CD762CE53A2C
:102A6000AD40B7C28B2ACDEB37CDFB3036202AE400
:102A700040342AE4403A42404704CA872A043AAB29
:102A800040863DB8D49F2ACD4031AFC44031E1C328
:102A90003D2A3AAB40B7C8C39F2A36002160403E6A
:102AA0000DCD78263E0ACD7826AF32AB403A414074
:102AB0003DC8F5AFCD7826F1C3B02A3A4340473A36
:102AC000AB40B8D49F2AD2F52AD60ED2C92A2FC33A
:102AD000EA2AF5CDC233CD6D26292BF1D6A8E5CA59
:102AE000E52A3AAB402F83D2F52A3C473E20CD78E9
:102AF0002605C2EE2AE1CDF727C3442A3F5265647A
:102B00006F2066726F6D2073746172740D0A003AE3
:102B1000CD40B7C29923C121FC2ACD3D31C3EA245F
:102B2000CDA8307EFE223E00324540C23A2BCDFC7D
:102B300030CD6D263BE5CD40313EE5CDEE24C1DA0A
:102B40004628237EB72BC5CA8D29362CC3542BE5C6
:102B50002ADC40F6AF32CD40E3C3602BCD6D262C8E
:102B6000CD5A2EE3D57EFE2CCA882B3ACD40B7C273
:102B7000F52B3E3FCD7826CDEE24D1C1DA46282371
:102B80007EB72BC5CA8D29D53AAD40B7CAB22BCD79
:102B9000F7275747FE22CAA62B3ACD40B757CAA3FC
:102BA0002B163A062C2BCDFF30EB21BD2BE3D5C3E2
:102BB000C029CDF727CD4D37E3CD9E36E12BCDF79C
:102BC00027CAC92BFE2CC20F2BE32BCDF727C25CE3
:102BD0002BD13ACD40B7EBC21D28D5B621E42BC48A
:102BE0003D31E1C93F45787472612069676E6F724B
:102BF00065640D0A00CD8E29B7C20E2C237E23B644
:102C00001E06CAB323235E2356EB22C940EBCDF741
:102C100027FE83C2F52BC3882B110000C45A2E2235
:102C2000CE40CD4823C2A523F9D57E23F5D5CD844A
:102C300036E3E5CDF133E1CD9E36E1CD9536E5CDF8
:102C4000C136E1C190CD9536CA542CEB225C406967
:102C500060C3B327F92ACE407EFE2CC2B727CDF73A
:102C600027CD1C2CCD762CF6373AAD408FB7E8C374
:102C7000B123CD6D26282B1600D50E01CD7C23CD9A
:102C8000ED2C22D0402AD040C178FE78D4672C7E2B
:102C90001600D6B3DAAE2CFE03D2AE2CFE0117AA74
:102CA000BA57DA9F2322C540CDF727C3922C7AB7B3
:102CB000C2D52D7E22C540D6ACD8FE07D05F3AAD36
:102CC000403DB37BCA333207835F21912219785686
:102CD000BAD023CD672CC501852CC5434ACD7736A4
:102CE00058514E234623C52AC540C3792CAF32AD77
:102CF00040CDF7271E24CAB323DA4D37CD9528D20D
:102D0000542DFE262012CDF727FE48CA913BFE42E5
:102D1000CA013C1E02CAB323FEACCAED2CFE2ECA69
:102D20004D37FEADCA432DFE22CAFC30FEAACA357D
:102D30002EFEA7CA6030D6B6D2652DCD722CCD6DD1
:102D40002629C9167DCD792C2AD040E5CD6F36CD08
:102D5000672CE1C9CD5A2EE5EB22E4403AAD40B7ED
:102D6000CC8436E1C90600074FC5CDF72779FE317F
:102D7000DA8C2DCD722CCD6D262CCD682CEB2AE46F
:102D800040E3E5EBCDC533EBE3C3942DCD3B2DE321
:102D9000114F2DD501F020094E236669E915FEADCE
:102DA000C8FE2DC814FE2BC8FEACC82BC9F6AFF563
:102DB000CD672CCDA928F1EBC1E3EBCD8736F5CD5E
:102DC000A928F1C179211E30C2D02DA34F78A2E9E4
:102DD000B34F78B2E921E72D3AAD401F7A175F165D
:102DE0006478BAD0C3D62CE92D79B71FC1D1F5CDFF
:102DF000692C212B2EE5CAC136AF32AD40D5CD802E
:102E0000327E23234E2346D1C5F5CD8432CD95366F
:102E1000F157E17BB2C87AD601D8AFBB3CD0151DC3
:102E20000ABE2303CA132E3FC351363C8FC1A0C62E
:102E3000FF9FC35836165ACD792CCD672CCDA928C3
:102E40007B2F4F7A2FCD1E30C1C3852C2BCDF7277A
:102E5000C8CD6D262C014C2EC5F6AF32AC4046CD08
:102E60009528DA9F23AF4F32AD40CDF727DA762E83
:102E7000CD9528DA832E4FCDF727DA772ECD9528FA
:102E8000D2772ED624C2922E3C32AD400F814FCD48
:102E9000F7273ACB403DCA3F2FF2A22E7ED628CA52
:102EA000172FAF32CB40E550592ADE40CD672611AF
:102EB000E040CA87352AD840EB2AD640CD6726CADB
:102EC000D52E799623C2CA2E789623CA092F23239A
:102ED0002323C3BC2EE1E3D511572DCD6726D1CADC
:102EE0000C2FE3E5C50106002ADA40E509C1E5CD6E
:102EF0006B23E122DA40606922D8402B3600CD678F
:102F000026C2FB2ED173237223EBE1C932E74021A5
:102F10003B2322E440E1C9E52AAC40E357D5C5CDC7
:102F20009D28C1F1EBE3E5EB3C577EFE2CCA1D2F3B
:102F3000CD6D262922D040E122AC401E00D511E5FE
:102F4000F52AD8403E19EB2ADA40EBCD6726CA773E
:102F50002F7EB923C2592F7EB8235E235623C24544
:102F60002F3AAC40B7C2A823F1444DCA873596CA60
:102F7000D52F1E10C3B323110400F1CABE2871233C
:102F800070234FCD7C23232322C54071233AAC40CC
:102F90001779010B00D29A2FC10371237023F5E535
:102FA000CD3237EBE1F13DC2922FF5424BEB19DA0E
:102FB0009423CD852322DA402B3600CD6726C2B874
:102FC0002F03572AC5405EEB2909EB2B2B73237285
:102FD00023F1DAF92F474F7E2316E15E235623E3D0
:102FE000F5CD6726D2722FE5CD3237D119F13D44A8
:102FF0004DC2DA2F2929C109EB2AD040C92ADA406B
:10300000EB210000393AAD40B7CA1930CD8032CD3E
:1030100080312A5A40EB2AC3407D934F7C9A41501D
:103020001E0021AD40730690C35D363AAB4047AFFA
:10303000C31F30CDB630CDA830018E29C5D5CD6D9A
:103040002628CD5A2EE5EB2B562B5EE1CD672CCDF5
:103050006D2629CD6D26B4444DE3712370C3F53040
:10306000CDB630D5CD3B2DCD672CE35E2356237AEC
:10307000B3CAAB237E23666FE52ADE40E322DE403F
:103080002AE240E52AE040E521E040D5CD9E36E148
:10309000CD642C2BCDF727C29F23E122E040E12213
:1030A000E240E122DE40E1C9E52A5C40237CB5E153
:1030B000C01E16C3B323CD6D26A73E8032CB40B6CB
:1030C00047CD5F2EC3672CCD672CCDEB37CDFB30C2
:1030D000CD803201DB32C57E2323E5CD5631E14E72
:1030E0002346CDEF30E56FCD7332D1C9CD563121B6
:1030F000BF40E5772323732372E1C92B062250E5F5
:103100000EFF237E0CB7CA1131BACA1131B8C20200
:1031100031FE22CCF727E323EB79CDEF3011BF400E
:103120002AB14022E4403E0132AD40CDA136CD6708
:103130002622B140E17EC01E1EC3B32323CDFB3047
:10314000CD8032CD95361C1DC80ACD7826FE0DCC1B
:10315000A92A03C34731B70EF1F52A5A40EB2AC317
:10316000402F4F06FF0923CD6726DA743122C34072
:1031700023EBF1C9F11E1ACAB323BFF5015831C5BB
:103180002AAF4022C340210000E52A5A40E521B37E
:1031900040EB2AB140EBCD6726019131C2E5312ADF
:1031A000D640EB2AD840EBCD6726CAB8317E232320
:1031B000B7CDE831C3A231C1EB2ADA40EBCD6726A7
:1031C000CA0E32CD95367BE509B7F2B73122C5403C
:1031D000E14E0600090923EB2AC540EBCD6726CA5C
:1031E000B83101D731C5F6807E23235E235623F004
:1031F000B7C8444D2AC340CD67266069D8E1E3CD06
:103200006726E3E56069D0C1F1F1E5D5C5C9D1E133
:103210007DB4C82B462B4EE52B2B6E26000950594A
:103220002B444D2AC340CD6E23E171237069602B7E
:10323000C38331C5E52AE440E3CDED2CE3CD682C12
:103240007EE52AE440E5861E1CDAB323CDEC30D1BE
:10325000CD8432E3CD8332E52AC140EBCD6A32CD55
:103260006A3221822CE3E5C31D31E1E37E23234E44
:1032700023466F2C2DC80A120313C37432CD682C59
:103280002AE440EBCD9E32EBC0D550591B4E2AC3E9
:1032900040CD6726C29C32470922C340E1C92AB10A
:1032A000402B462B4E2B2BCD6726C022B140C901A7
:1032B0002E30C5CD7D32AF5732AD407EB7C9012E1D
:1032C00030C5CDB332CABE2823235E23561AC93E69
:1032D00001CDEC30CDC8332AC14073C1C31D31CDFF
:1032E0007833AFE34FE57EB8DAED3278110E00C5E2
:1032F000CD5631C1E1E52323462366680600094423
:103300004DCDEF306FCD7332D1CD8432C31D31CD71
:103310007833D1D51A90C3E332EB7ECD7D330405EB
:10332000CABE28C51EFFFE29CA3233CD6D262CCD5C
:10333000C533CD6D2629F1E301E532C53DBE06005A
:10334000D04F7E91BB47D843C9CDB332CA66345FF4
:1033500023237E23666FE5194672E3C57EFE24C2F1
:103360006733CD913B180DFE25C27133CD013C185A
:1033700003CD4D37C1E170C9EBCD6D2629C1D1C553
:1033800043C9CDC833323F40CD3E40C32E30CDB2CD
:1033900033C30640CDB233F51E002BCDF727CAA8A4
:1033A00033CD6D262CCDC533C1CD3E40ABA0CAA9CF
:1033B00033C9CDC533323F40320740CD6D262CC3D3
:1033C000C533CDF727CD642CCDA3287AB7C2BE284C
:1033D0002BCDF7277BC9CDA9281AC32E30CD642C5D
:1033E000CDA928D5CD6D262CCDC533D112C921C488
:1033F00038CD9536C30034CD953621C1D1CD6F3649
:1034000078B7C83AE740B7CA873690D21A342F3C0B
:10341000EBCD7736EBCD8736C1D1FE19D0F5CDACEB
:103420003667F1CDC534B421E440F24034CDA53443
:10343000D286342334CAAE232E01CDDB34C3863486
:10344000AF90477E9B5F237E9A57237E994FDCB1D6
:10345000346863AF4779B7C273344A54656F78D61E
:1034600008FEE0C25434AF32E740C905297A175745
:10347000798F4FF26B34785C45B7CA863421E740C8
:103480008677D26634C87821E740B7FC9834462363
:103490007EE680A94FC387361CC014C00CC00E80C6
:1034A00034C0C3AE237E835F237E8A57237E894F39
:1034B000C921E8407E2F77AF6F90477D9B5F7D9A53
:1034C000577D994FC90600D608DAD434435A510EB5
:1034D00000C3C734C6096FAF2DC8791F4F7A1F5775
:1034E0007B1F5F781F47C3D7340000008103AA56B3
:1034F0001980F122768045AA3882CD4636B7EABED9
:103500002821E7407E01358011F30490F570D5C580
:10351000CD0034C1D104CD9C3521E934CDF7332120
:10352000ED34CD8E39018080110000CD0034F1CD15
:10353000C13701318011187221C1D1CD4636C82E54
:1035400000CD04367932F640EB22F74001000050FE
:1035500058215134E5215D35E5E521E4407E23B76E
:10356000CA8935E52E081F6779D27735E52AF740F5
:1035700019EBE13AF640891F4F7A1F577B1F5F789E
:103580001F472D7CC26635E1C9435A514FC9CD77DB
:1035900036012084110000CD8736C1D1CD4636CA10
:1035A000A2232EFFCD043634342B7E3212402B7EE4
:1035B000320E402B7E320A4041EBAF4F575F32153F
:1035C00040E5C57DCD0940DE003FD2D435321540FF
:1035D000F1F137D2C1E1793C3D1FFA8734177B17EF
:1035E0005F7A175779174F297817473A15401732DE
:1035F000154079B2B3C2C135E521E74035E1C2C11A
:1036000035C3AE2378B7CA28367D21E740AE804760
:103610001FA878F22736C68077CA8735CDAC3677B3
:103620002BC9CD46362FE1B7E1F26634C3AE23CDC8
:10363000923678B7C8C602DAAE2347CD003421E708
:103640004034C0C3AE233AE740B7C83AE640FE2F45
:10365000179FC03CC9CD4636068811000021E740BF
:103660004F70060023368017C34E34CD4636F02106
:10367000E6407EEE8077C9EB2AE440E3E52AE640A7
:10368000E3E5EBC9CD9536EB22E440606922E640E4
:10369000EBC921E4405E2356234E234623C911E49F
:1036A0004006041A77132305C2A336C921E6407EDB
:1036B00007371F773F1F2323777907371F4F1FAE29
:1036C000C978B7CA4636214F36E5CD463679C82186
:1036D000E640AE79F8CDDB361FA9C92378BEC02BF2
:1036E00079BEC02B7ABEC02B7B96C0E1E1C9474FA3
:1036F000575FB7C8E5CD9236CDAC36AE67FC123712
:103700003E9890CDC5347C17DC98340600DCB1348B
:10371000E1C91B7AA33CC00BC921E7407EFE983A61
:10372000E440D07ECDEE3636987BF57917CD4E3419
:10373000F1C921000078B1C83E1029DA722FEB29B7
:10374000EBD2483709DA722F3DC23A37C9FE2DF560
:10375000CA5937FE2BCA59372BCD663447575F2FCE
:103760004FCDF727DAAA37FE2ECA8537FE45C28924
:1037700037CDF727CD9D2DCDF727DACC3714C28969
:1037800037AF935F0C0CCA6137E57B90F4A237F238
:103790009837F5CD8E35F13CC28C37D1F1CC6F36F0
:1037A000EBC9C8F5CD2F36F13DC9D557788947C546
:1037B000E5D5CD2F36F1D630CDC137E1C1D1C361CA
:1037C00037CD7736CD5836C1D1C300347B07078358
:1037D0000786D6305FC37737E5213723CD3D31E10A
:1037E000EBAF0698CD5D36213C31E521E940E5CDD2
:1037F00046363620F2F937362D233630CAAF38E553
:10380000FC6F36AFF5CDB53801439111F84FCDC1FE
:1038100036B7E22638F1CDA337F5C30838CD8E355B
:10382000F13CF5CDB538CDEE333CCDEE36CD873617
:10383000010603F1813CFA4238FE08D242383C4787
:103840003E023D3DE1F511C83805C25338362E23FE
:1038500036302305362ECC9C36C5E5D5CD9236E1E3
:10386000062F047B965F237A9E5723799E4F2B2B3E
:10387000D26238CDA53423CD8736EBE17023C10D5C
:10388000C2533805CA93382B7EFE30CA8738FE2EC5
:10389000C49C36F1CAB238364523362BF2A33836EB
:1038A0002D2F3C062F04D60AD2A538C63A23702302
:1038B000772371E1C901749411F723CDC136B7E1C3
:1038C000E21D38E900000080A08601102700E8030F
:1038D000006400000A0000010000216F36E3E9CD1A
:1038E000773621C438CD8436C1D1CD463678CA2D3D
:1038F00039F2F838B7CAA223B7CA6734D5C579F602
:103900007FCD9236F21539D5C5CD1937C1D1F5CD58
:10391000C136E17C1FE122E640E122E440DCDA38F6
:10392000CC6F36D5C5CDFA34C1D1CD3B35CD773648
:10393000013881113BAACD3B353AE740FE88D222BF
:1039400036CD1937C680C602DA2236F521E934CDE4
:10395000F133CD3235F1C1D1F5CDFD33CD6F362107
:103960006D39CD9D39110000C14AC33B3508402E49
:103970009474704F2E776E02887AE6A02A7C50AA43
:10398000AA7EFFFF7F7F0000808100000081CD774D
:1039900036113935D5E5CD9236CD3B35E1CD77368B
:1039A0007E23CD843606F1C1D13DC8D5C5F5E5CD20
:1039B0003B35E1CD9536E5CD0034E1C3A639CD46A2
:1039C00036211940FA1F3A213A40CD843621194058
:1039D000C886E6070600772387874F09CD9536CD41
:1039E0003B353A18403CE6030600FE018832184099
:1039F00021233A87874F09CDF133CD92367B59EE9B
:103A00004F4F36802B463680211740347ED6ABC2CE
:103A1000163A770C151CCD5134213A40C39E3677A7
:103A20002B772B77C3FA3968B1466899E992691008
:103A3000D17568217D3ACDF133CD773601498311B7
:103A4000DB0FCD8736C1D1CD9C35CD7736CD19373B
:103A5000C1D1CDFD3321813ACDF733CD463637F292
:103A6000693ACDEE33CD4636B7F5F46F3621813A5B
:103A7000CDF133F1D46F3621853AC38E39DB0F494E
:103A8000810000007F05BAD71E86642699875834C6
:103A90002387E05DA586DA0F4983CD7736CD393AA5
:103AA000C1E1CD7736EBCD8736CD333AC39A35CDEC
:103AB0004636FCDA38FC6F363AE740FE81DACC3A1B
:103AC0000100815159CD9C3521F733E521D63ACDFE
:103AD0008E39217D3AC9094AD73B78026E847BFE34
:103AE000C12F7C74319A7D843D5A7DC87F917EE4DC
:103AF000BB4C7E6CAAAA7F00000081C9D7C93E0CCE
:103B0000C3383CCDC5337B324240C9CD642CCDA9EE
:103B100028ED534640ED534840C9CDA928D5E1468C
:103B2000237EC31F30CD642CCDA928D5CD6D262C86
:103B3000CD642CCDA928E3732372E1C9CD672CCDC8
:103B4000A928C521E9407AFE00280CCD743B78FEF7
:103B5000302802702371237BCD743B7AFE00200550
:103B600078FE30280270237123AF772377C121E9D3
:103B700040C3CD3047E60FFE0A3802C607C6304FB5
:103B8000780F0F0F0FE60FFE0A3802C607C6304740
:103B9000C9EB210000CDAA3BDACA3B1805CDAA3BF0
:103BA000381F29292929B56F18F3131AFE20CAAA2C
:103BB0003BD630D8FE0A3805D607FE0AD8FE103F9D
:103BC000C9EB7A4BE5CD1E30E1C91E26C3B323CD28
:103BD000672CCDA928C521E94006110578FE0128EA
:103BE00008CB13CB1230F41804CB13CB123E30CEDB
:103BF0000077230520F3AF772377C121E940C3CDB8
:103C000030EB210000CD1E3CDA2C3CD63029B56FBC
:103C1000CD1E3C30F6EB7A4BE5CD1E30E1C9131AD0
:103C2000FE20CA1E3CFE30D8FE323FC91E28C3B358
:103C300023DD21FFFFC31120C30800C314003E0091
:103C4000324D40C31820ED45F5A0C1B83E00C9CDA6
:103C50007826C39F2AFFFFFFFFFFFFFFFFFFFFFF45
:103C60003E05D312DB12FE0528091198800E06F7D7
:103C7000C31400CD8B803E01D3113EEFD317CD8B03
:103C8000803E82D3113EEFD317CD8B8006180E00F5
:103C900021009079D313AFD314D3153EE0D3163E51
:103CA00001D3123E20D317CD8B80DB17CB5F28FAD0
:103CB0001E04C50E100680EDB21D20F9C10C10D3F4
:103CC0000E27F7F33100883E01D3383EC332380067
:103CD0007AFE012801AF3203007A3DF521FFBF11C2
:103CE000FFFF010030EDB82AFEFFE9DB17CB7F2094
:103CF000FADB17CB7728F4C9436F6D7061637420CA
:103D0000666C617368206E6F742070726573656E87
:103D1000740D0A004241534943202020204772611C
:103D20006E7420536561726C6527732061646170E5
:103D3000746174696F6E206F66204D6963726F7372
:103D40006F66742042415349430D0A57424153491B
:103D5000432020205761726D207374617274204279
:103D600041534943202872657461696E7320424152
:103D70005349432070726F6772616D290D0A0043C9
:103D8000504D2020202020204C6F61642043502F74
:103D90004D2066726F6D20436F6D706163742046B5
:103DA0006C61736820287265717569726573207023
:103DB0007265706172656420434620636172642994
:103DC0000D0A00FFFFFFFFFFFFFFFFFFFFFFFFFFE9
:103DD00000000000000000000000000000000000E3
:103DE00000000000000000000000000000000000D3
:103DF00000000000000000000000000000000000C3
:103E000000000000000000000000000000000000B2
:103E100000000000000000000000000000000000A2
:103E20000000000000000000000000000000000092
:103E30000000000000000000000000000000000082
:103E40000000000000000000000000000000000072
:103E50000000000000000000000000000000000062
:103E60000000000000000000000000000000000052
:103E70000000000000000000000000000000000042
:103E80000000000000000000000000000000000032
:103E90000000000000000000000000000000000022
:103EA0000000000000000000000000000000000012
:103EB0000000000000000000000000000000000002
:103EC00000000000000000000000000000000000F2
:103ED00000000000000000000000000000000000E2
:103EE00000000000000000000000000000000000D2
:103EF00000000000000000000000000000000000C2
:103F000000000000000000000000000000000000B1
:103F100000000000000000000000000000000000A1
:103F20000000000000000000000000000000000091
:103F30000000000000000000000000000000000081
:103F40000000000000000000000000000000000071
:103F50000000000000000000000000000000000061
:103F60000000000000000000000000000000000051
:103F70000000000000000000000000000000000041
:103F80000000000000000000000000000000000031
:103F90000000000000000000000000000000000021
:103FA00055AA43504D202020202003007F3D44008F
:103FB00055AA43504D20202020204180603CB40071
:103FC00055AA42415349432020200300143D6B0071
:103FD00055AA5742415349432020010003205D1C4C
:103FE00055AA424153494320202001000020601C73
:103FF00055AA4D6F6E69746F722002000000721D29
:10400000C39620C3BE28D300C9D6006F7CDE0067EC
:1040100078DE00473E00C9000000354ACA99391CC5
:1040200076982295B3980ADD479853D199990A1A40
:104030009F9865BCCD98D6773E9852C74F80DB00DD
:10404000C901FF1C00001400140000000000C3E4BC
:1040500025C30000C30000C30000CDFBFFFFFA40F2
:10406000200000000020454E44005B376D223B22BB
:10407000444F434B4544223BCC283237293B225BFB
:10408000306D223A8D000000283237293B225B3008
:104090006D223A52455455524E0000002C393235AB
:1040A000302C39323630000000000000000100FFE3
:1040B000FBB34004003C23000000000000000004AB
:1040C000003C23FFFB000000000000000000F9405E
:1040D000000000000000398439843984F940000070
:1040E00000000000B3400030F42034373831310094
:1040F000300000000000000000003E410A008E2059
:10410000535550455220535441525452454B202D43
:10411000204D41592031362C31393738202D20524D
:10412000455155495245532032344B204D454D4F52
:10413000525920284154204C4541535429004441B0
:104140001E008E00744128008E202A2A2A2A202050
:104150002020202020202A2A2A2A2053544152207D
:104160005452454B202A2A2A2A2020202020202A67
:104170002A2A2A00B34132008E202A2A2A2A2053D2
:10418000494D554C4154494F4E204F462041204DFA
:10419000495353494F4E204F4620544845205354CD
:1041A00041525348495020454E544552505249536C
:1041B000452C00E0413C008E202A2A2A2A20415327
:1041C000205345454E204F4E2054484520535441DE
:1041D00052205452454B2054562053484F572E00DE
:1041E0001F4246008E202A2A2A2A204F5249474938
:1041F0004E414C2050524F4752414D204259204D84
:10420000494B45204D41594649454C442C204D4F82
:104210004449464945442056455253494F4E005D56
:104220004250008E202A2A2A2A205055424C4953B7
:1042300048454420494E20444543275320223130ED
:10424000312042415349432047414D4553222C20C0
:10425000425920444156452041484C2E009C425A28
:10426000008E202A2A2A2A204D4F4449464943419C
:1042700054494F4E5320544F20544845204C4154EC
:104280005445522028504C555320444542554747E9
:10429000494E472920425920424F4200C6426400FD
:1042A0008E202A2A2A204C4545444F4D202D20415E
:1042B0005052494C202620444543454D424552200A
:1042C000313937342C00FA426E008E202A2A2A20F7
:1042D000574954482041204C4954544C45204845A6
:1042E0004C502046524F4D20484953204652494594
:1042F0004E4453202E202E202E00354378008E2051
:104300002A2A2A20434F4D4D454E54532C204550C8
:104310004849544554532C20414E44205355474757
:10432000455354494F4E5320534F4C4943495445EC
:1043300044202D2D00544382008E202A2A2A205307
:10434000454E4420544F3A20522E432E204C454592
:10435000444F4D0096438C008E202A2A2A2020208C
:104360002020202020202057455354494E47484FB5
:10437000534520444546454E5345202620454C454F
:104380004354524F4E4943532053595354454D5370
:1043900020434E495200BB4396008E202A2A2A20F1
:1043A000202020202020202020424F582037343643
:1043B0002C204D2E532E2033333800E243A0008EA4
:1043C000202A2A2A2020202020202020202042418C
:1043D0004C54494D4F52452C204D442032313230FF
:1043E0003300EC43AA008E202A2A2A002F44B4006E
:1043F0008E202A2A2A20434F4E56455254454420A7
:10440000544F204D4943524F534F46542038204B70
:1044100020424153494320332F31362F3738204231
:1044200059204A4F484E20424F5244455253007142
:1044300044B5008E202A2A2A204C494E45204E554C
:104440004D424552532046524F4D205645525349F6
:104450004F4E205452454B37204F4620312F31329A
:104460002F3735205052455345525645442041532D
:1044700000B544B6008E202A2A2A204D55434820F4
:10448000415320504F535349424C45205748494CC3
:1044900045205553494E47204D554C5449504C45A5
:1044A0002053544154454D454E54532050455220BD
:1044B0004C494E4500BF44B7008E202A2A2A00FFEF
:1044C00044BE008E202A2A2A204D4F4449464945A1
:1044D0004420544F2052554E204F4E204752414EBB
:1044E0005420534541524C45275320392D434849C8
:1044F00050205A383020434F4D50555445520033C8
:1045000045BF008E202A2A2A20414E44204445528D
:1045100049564154495645532030342D4155472D75
:1045200032303138204259204E2E4B454E445249AC
:10453000434B005745C0008E202A2A2A20284C4988
:104540004E4B4552333030302D41542D474D41496B
:104550004C2E434F4D29006145C9008E202A2A2A3E
:10456000006A45CD009A203830009F45D1008E204A
:104570004E4B3A20504F534954494F4E494E4720D5
:104580005553494E4720414E5349204553434150CE
:10459000452053455155454E4345532E2E2E00C3BD
:1045A00045D2009E20CC283237293B225B324A225A
:1045B0003B3A9E20CC283237293B225B333B3148A3
:1045C000223B00EB45D3009E202254484520555302
:1045D0005320454E5445525052495345202D2D2DC0
:1045E000204E43432D3137303122000246D4009E05
:1045F00020CC283237293B225B343B3148223B3ADE
:104600009E002A46DE0081205959B43120A620346C
:104610003020AB20323A81205858B43120A62032C5
:104620003030203A2082205858005946DF009E2022
:10463000A55959293B22202020202020202020205D
:1046400020202020202020202C2D2D2D2D2D2D2A06
:104650002D2D2D2D2D2D2C22008746E0009E20A5EE
:104660005959293B2220202C2D2D2D2D2D2D2D2D3E
:104670002D2D2D2D2D202020272D2D2D20202D2DB1
:104680002D2D2D2D272200AE46E1009E20A5595943
:10469000293B22202020272D2D2D2D2D2D2D2D2085
:1046A0002D2D272020202020202F202F2200D7460C
:1046B000E2009E20A55959293B22202020202020BD
:1046C000202C2D2D2D2720272D2D2D2D2D2D2D2F3F
:1046D000202F2D2D2C2200FF46E3009E20A55959A6
:1046E000293B222020202020202020272D2D2D2D69
:1046F0002D2D2D2D2D2D2D2D2D2D2D2D2722001B3A
:1047000047E4009E20CC283237293B225B343B31E2
:1047100048223B3A9E3A82205959003147E5009E93
:1047200020CC283237293B225B31313B3148223BB8
:10473000003B470401A120363030005E470E015A8D
:1047400024B42220202020202020202020202020CF
:1047500020202020202020202020202022008A47E6
:104760004A0185204728382C38292C4328392C32F7
:10477000292C4B28332C33292C4E2833292C5A280A
:10478000382C38292C4428382900C947720154B4E0
:10479000B728BE283129AE3230AC323029AE3130A4
:1047A000303A5430B4543A5439B43235ACB728BEE8
:1047B000283129AE3130293A4430B4303A45B43347
:1047C0003030303A4530B44500FD47B80150B4317F
:1047D000303A5030B4503A5339B43230303A53B49E
:1047E000303A4239B4303A4B39B4303A5824B422D2
:1047F000223A583024B4222049532022002848D697
:10480000019420A744284429B4BD28284B28492CCA
:104810003129AD533129B032AC284B28492C3229EB
:10482000AD533229B03229004648DB019420A7520B
:10483000285229B4B728BE285229AE372E3938ACB1
:10484000312E303129006E48EA015131B4A7522887
:1048500031293A5132B4A7522831293A5331B4A7F9
:10486000522831293A5332B4A752283129009248AC
:104870001202812049B43120A620393A4328492C1C
:104880003129B4303A4328492C3229B4303A8220B5
:104890004900D2481C024328332C3129B4AD313AA7
:1048A0004328322C3129B4AD313A4328342C3129F4
:1048B000B4AD313A4328342C3229B4AD313A4328CF
:1048C000352C3229B4AD313A4328362C3229B4ADD7
:1048D0003100154958024328312C3229B4313A436A
:1048E00028322C3229B4313A4328362C3129B431BC
:1048F0003A4328372C3129B4313A4328382C31290E
:10490000B4313A4328382C3229B4313A4328392C6F
:104910003229B431002E499E02812049B43120A6AB
:1049200020383A44284929B4303A82204900544971
:10493000C602413124B4224E41565352534C525375
:10494000504841544F5253484544414D434F4D58B0
:104950005858220082493403812049B43120A620CE
:10496000383A81204AB43120A620383A4B33B4304B
:104970003A5A28492C4A29B4303A5231B4BE283127
:104980002900A44952038A205231B32E393820A974
:10499000204B33B4333A4B39B44B39AC333A8820DB
:1049A00039383000C6495C038A205231B32E39357C
:1049B00020A9204B33B4323A4B39B44B39AC323A9C
:1049C000882039383000E14966038A205231B32EFD
:1049D0003820A9204B33B4313A4B39B44B39AC3180
:1049E00000044AD4034233B4303A8A20BE28312925
:1049F000B32E393620A9204233B4313A4239B44279
:104A000039AC31003C4A10044728492C4A29B44BA0
:104A100033AE313030AC4233AE3130ACA7522831F6
:104A2000293A82204A3A8220493A8A204B39B354A3
:104A30003920A9205439B44B39AC31004F4A4C04C9
:104A40008A204239B5B33020A9203132303000827B
:104A50004A7E048A20472851312C513229B5323000
:104A60003020A920472851312C513229B4472851F0
:104A7000312C513229AC3130303A4B39B44B39AC4E
:104A80003100B24A88044239B4313A472851312CB6
:104A9000513229B4472851312C513229AC31303AA6
:104AA0005131B4A7522831293A5132B4A752283192
:104AB0002900D94AB0044B37B44B393A8A204239DD
:104AC000B5B33120A9205824B42253223A583024B7
:104AD000B42220415245202200FC4ACE049E225995
:104AE0004F5552204F524445525320415245204188
:104AF0005320464F4C4C4F57533A22001F4BD30480
:104B00009E20222D2D2D2D2D2D2D2D2D2D2D2D2D7C
:104B10002D2D2D2D2D2D2D2D2D2D2D2D2D22005BCF
:104B20004BD8049E2244455354524F592054484573
:104B3000223B4B393B224B4C494E474F4E2057416D
:104B400052534849505320574849434820484156FA
:104B50004520494E564144454422009C4BE2049E68
:104B6000225448452047414C415859204245464F20
:104B7000524520544845592043414E204154544108
:104B8000434B2046454445524154494F4E204845E9
:104B9000414451554152544552532200D14BEC04EB
:104BA0009E224F4E205354415244415445223B547F
:104BB00030AC54393BCC2838293B222E205448496C
:104BC0005320474956455320594F55223B54393BB2
:104BD00000E84BED049E22444159532E2054484591
:104BE0005245223B58302400F64BF6049E222020EA
:104BF000223B42393B00354CF7049E22535441522C
:104C000042415345223B58243B2220494E205448E0
:104C1000452047414C41585920464F522052455358
:104C20005550504C59494E4720594F5552205348E2
:104C300049502E22005B4C00059E3A209E202250B7
:104C400052455353205920544F204143434550541B
:104C500020434F4D4D414E44223B00664C14058489
:104C6000204935243A00904C16058A20CF28493532
:104C7000242C3129B422592220B220CF28493524AE
:104C80002C3129B422792220A9203133313020005F
:104C90009B4C170588203132383000AE4C1E059EE3
:104CA00020CC283237293B225B306D223B00EF4C71
:104CB00028055A34B451313A5A35B451323A4B334B
:104CC000B4303A4233B4303A5333B4303A4735B45F
:104CD000303A4434B42E35AEBE2831293A5A2851E0
:104CE000312C513229B4472851312C513229001628
:104CF0004D6E058A205131B53120B2205131B33883
:104D000020B2205132B53120B2205132B33820A91F
:104D1000203136303000324D96058C20393033301A
:104D20003A9E3A8A205430B5B35420A92031343900
:104D30003000684DB4059E22594F5552204D4953BD
:104D400053494F4E20424547494E532057495448F6
:104D500020594F5552205354415253484950204CEA
:104D60004F434154454422009B4DBE059E22494E6F
:104D7000205448452047414C414354494320515514
:104D8000414452414E542C2027223B4732243B229F
:104D9000272E223A88203135303000C64DD2059E6C
:104DA000224E4F5720454E544552494E4720223BF4
:104DB0004732243B22205155414452414E54202E2B
:104DC000202E202E2200F74DDC059E3A4B33B4B73F
:104DD00028472851312C513229AE2E3031293A4200
:104DE00033B4B728472851312C513229AE2E3129FE
:104DF000AD3130AE4B3300224E04065333B4472856
:104E000051312C513229AD313030AE4B33AD3130D0
:104E1000AE42333A8A204B33B43020A920313539A1
:104E200030005E4E18069E20A533293BCC28323731
:104E3000293B225B376D223B222020434F4D4241CC
:104E4000542041524541202020202020434F4E44F1
:104E50004954494F4E205245442020223B00704E79
:104E600019069E20CC283237293B225B306D220068
:104E7000874E1A068A2053B332303020A9209E3A3A
:104E800088203135393000C34E2C069E20A53329A9
:104E90003BCC283237293B225B376D223B22202036
:104EA00020202020534849454C44532044414E473C
:104EB00045524F55534C59204C4F5720202020200D
:104EC000223B00D54E2D069E20CC283237293B228E
:104ED0005B306D2200F94E3606812049B43120A6A0
:104EE00020333A4B28492C3129B4303A4B28492CED
:104EF0003229B4303A82204900354F40068120499A
:104F0000B43120A620333A4B28492C3329B4303A07
:104F10008220493A5124B45A24AC5A24AC5A24ACC5
:104F20005A24AC5A24AC5A24AC5A24ACCF285A2464
:104F30002C31372900634F90064124B4223C453E72
:104F4000223A5A31B453313A5A32B453323A8C205D
:104F5000383637303A8A204B33B53120A9203138E2
:104F60003230008E4FB806812049B43120A6204B44
:104F7000333A8C20383539303A4124B4222B4B2B2C
:104F8000223A5A31B452313A5A32B4523200C54FF1
:104F9000F4068C20383637303A4B28492C3129B466
:104FA00052313A4B28492C3229B452323A4B2849D3
:104FB0002C3329B45339AE282E35ACBE28312929DB
:104FC0003A82204900D74F1C078A204233B531204E
:104FD000A92031393130000A5058078C2038353932
:104FE000303A4124B4223E423C223A5A31B4523142
:104FF0003A4234B452313A5A32B452323A4235B467
:1050000052323A8C203836373000405076078120B3
:1050100049B43120A62053333A8C20383539303A00
:105020004124B422202A20223A5A31B452313A5A29
:1050300032B452323A8C20383637303A8220490026
:105040004B50BC078C2036343330007150C6078A71
:105050002053AC45B3313020A9208A2045B33130EC
:1050600020B22044283729B43020A92032303630ED
:10507000009F50E4079E3A9E20A53130293BCC2862
:105080003237293B225B376D223B222A2A204641B8
:1050900054414C204552524F52202A2A223B00DBD9
:1050A00050E5079E20CC283237293B225B306D2209
:1050B00022594F55275645204A5553542053545290
:1050C000414E44454420594F5552205348495020A1
:1050D000494E2053504143452E22000C51EE079E6D
:1050E00022594F55204841564520494E5355464672
:1050F000494349454E54204D414E45555645524928
:105100004E4720454E455247592C22004051F80742
:105110009E22414E4420534849454C4420434F4E23
:1051200054524F4C2049532050524553454E544CF5
:105130005920494E43415041424C45204F462200A0
:10514000725102089E2243524F53532D43495243FA
:10515000554954494E4720544F20454E47494E45E6
:1051600020524F4F4D2121223A9E3A88203632322A
:10517000300088510C089E3A8422434F4D4D414ED9
:1051800044223B41243A9E00B6512008812049B474
:105190003120A620393A8A20CF2841242C3329B542
:1051A000B3D1284131242C33AE49AD322C3329A957
:1051B000203231363000ED515C08912049208820A2
:1051C000323330302C313938302C343030302C34CC
:1051D0003236302C343730302C353533302C3536B0
:1051E00039302C373239302C363237300014527087
:1051F000088220493A9E22454E544552204F4E4542
:10520000204F462054484520464F4C4C4F57494E5E
:10521000473A220037527A089E20222D2D2D2D2D1F
:105220002D2D2D2D2D2D2D2D2D2D2D2D2D2D2D2DAE
:105230002D2D2D2D2D2200555284089E2220204EEA
:105240004156202028544F2053455420434F555257
:10525000534529220081528E089E2220205352530A
:10526000202028464F522053484F52542052414E3E
:1052700047452053454E534F52205343414E292218
:1052800000AC5298089E2220204C525320202846E1
:105290004F52204C4F4E472052414E4745205345D8
:1052A0004E534F52205343414E292200CC52A20864
:1052B0009E222020504841202028544F2046495209
:1052C000452050484153455253292200F552AC081D
:1052D0009E222020544F52202028544F20464952CD
:1052E000452050484F544F4E20544F525045444F44
:1052F00045532922001F53B6089E222020534845BB
:10530000202028544F205241495345204F52204CD1
:105310004F57455220534849454C44532922004A8F
:1053200053C0089E22202044414D202028464F5241
:105330002044414D41474520434F4E54524F4C204D
:105340005245504F5254532922007653CA089E2288
:105350002020434F4D202028544F2043414C4C20C7
:105360004F4E204C4942524152592D434F4D5055BA
:10537000544552292200A653D4089E222020585872
:1053800058202028544F2052455349474E20594F0A
:10539000555220434F4D4D414E4429223A9E3A8862
:1053A000203139393000D153FC088422434F555203
:1053B00053452028312D3929223B43313A8A204355
:1053C00031B3B4382E3520A9204331B44331AD3840
:1053D00000EF5306098A204331B3B4302E3520B193
:1053E000204331B5382E3520A920323335300028FE
:1053F000541A099E222020204C542E2053554C55DF
:105400003A2027494E434F525245435420434F556B
:1054100052534520444154412C20534952212722C4
:105420003A8820313939300047542E095824B422A3
:1054300038223A8A2044283129B53020A92058241E
:10544000B422302E3222006D5438099E2257415228
:105450005020464143544F522028302D223B58249F
:105460003B2229223B3A842057313A9E0089543905
:10547000098A2044283129B53020B1205731B32E74
:105480003220A9203234373000A3544C098A2057E7
:1054900031B33020B1205731B5B43820A92032348F
:1054A000393000B55456098A205731B43020A9202C
:1054B0003139393000EE5474099E222020204348AF
:1054C00049454620454E47494E4545522053434F96
:1054D00054543A202754484520454E47494E455399
:1054E00020574F4E27542054414B45223B000F5527
:1054F0007E099E222057415250223B57313BCC28F7
:1055000038293B222127223A882031393930004975
:1055100055A6099E225741525020454E47494E45B7
:1055200053204152452044414D414745442E2020BF
:105530004D415849554D205350454544203D205735
:1055400041525020302E3222005455A70988203174
:10555000393930007555BA094EB4B7285731AE38CD
:10556000AC2E35293A8A2045AD4EB3B43020A9205F
:105570003235393000A955C4099E22454E47494E5F
:10558000454552494E473A202027494E53554646F5
:10559000494349454E5420454E45524759204156AE
:1055A00041494C41424C452200E455CE099E2220FF
:1055B0002020202020202020202020202020464F96
:1055C00052204D414E4555564552494E4720415473
:1055D0002057415250223B57313BCC2838293B229F
:1055E000212722000056E2098A2053B54EAD4520FE
:1055F000B22044283729B53020A92031393930006C
:105600003556F6099E224445464C4543544F522098
:10561000434F4E54524F4C20524F4F4D3A20202270
:105620003B533B22554E495453204F4620454E454F
:1056300052475922007556000A9E22202020202021
:10564000202020202020202020202020202020205A
:10565000202020202050524553454E544C59204480
:1056600045504C4F59454420544F20534849454CD0
:1056700044532E220080560A0A88203139393000DE
:10568000A1561E0A812049B43120A6204B333A8A04
:10569000204B28492C3329B43020A9203237303010
:1056A00000D056320A4124B422202020223A5A3116
:1056B000B44B28492C31293A5A32B44B28492C3260
:1056C000293A8C20383637303A8C2038353930003A
:1056D000F856640A4B28492C3129B45A313A4B28E0
:1056E000492C3229B45A323A4124B4222B4B2B2272
:1056F0003A8C20383637300021578C0A8220493ABC
:105700008C20363030303A4431B4303A4436B457D5
:10571000313A8A205731B3B43120A9204436B4310C
:10572000004057D20A812049B43120A620383A8A55
:105730002044284929B3B43020A920323838300019
:105740007757E60A44284929B444284929AC443605
:105750003A8A2044284929B3AD2E3120B12044286B
:105760004929B53020A92044284929B4AD2E313A21
:10577000882032383830008B57F00A8A2044284974
:1057800029B53020A9203238383000BB57FA0A8AB0
:10579000204431B5B33120A9204431B4313A9E229E
:1057A00044414D41474520434F4E54524F4C2052A7
:1057B00045504F52543A2020223B00ED57180B9E83
:1057C00020A538293B3A5231B4493A8C2038373930
:1057D000303A9E204732243B2220524550414952C4
:1057E00020434F4D504C455445442E22000658400E
:1057F0000B8220493A8A20BE283129B32E3220A9B3
:1058000020333037300025585E0B5231B4A7522870
:1058100031293A8A20BE283129B3B42E3620A92056
:1058200033303030005D58720B4428523129B44473
:1058300028523129AD28BE283129AE35AC31293A5C
:105840009E2244414D41474520434F4E54524F4CB8
:10585000205245504F52543A2020223B008258900B
:105860000B8C20383739303A9E204732243B222097
:1058700044414D41474544223A9E3A8820333037CF
:105880003000B858B80B4428523129B4442852315A
:1058900029ACBE283129AE33AC313A9E2244414D69
:1058A00041474520434F4E54524F4C205245504F94
:1058B00052543A2020223B00E758D60B8C20383730
:1058C00039303A9E204732243B22205354415445DC
:1058D000204F462052455041495220494D50524F89
:1058E000564544223A9E000D59FE0B4124B4222015
:1058F0002020223A5A31B4B7285331293A5A32B4C7
:10590000B7285332293A8C2038363730004559268B
:105910000C5831B4432843312C3129AC2843284357
:1059200031AC312C3129AD432843312C312929AEFA
:10593000284331ADB728433129293A58B453313A75
:1059400059B45332007F59440C5832B44328433180
:105950002C3229AC2843284331AC312C3229AD43B9
:105960002843312C322929AE284331ADB7284331A1
:1059700029293A5134B451313A5135B45132009F4A
:1059800059620C812049B43120A6204E3A5331B4DB
:105990005331AC58313A5332B45332AC583200C858
:1059A00059630C8A205331B53120B2205331B3B43E
:1059B0003920B2205332B53120B2205332B3B4393A
:1059C00020A9203335303000FB59A80C5338B4B728
:1059D00028533129AE3234ACB728533229AE33AD17
:1059E00032363A8A20D12851242C53382C3229B40B
:1059F00022202022A9203333363000365AF80C53A7
:105A000031B4B7285331AD5831293A5332B4B7289D
:105A10005332AD5832293A9E225741525020454EBA
:105A200047494E4553205348555420444F574E2024
:105A3000415420223B00725A160D9E225345435476
:105A40004F52223B53313BCC2838293B222C223B5E
:105A500053323B2244554520544F20424144204E6E
:105A6000415649474154494F4E223A8820333337F3
:105A700030008C5A200D8220493A5331B4B7285354
:105A800031293A5332B4B72853322900BE5A2A0D6D
:105A90004124B4223C453E223A5A31B4B72853310E
:105AA000293A5A32B4B7285332293A8C203836373B
:105AB000303A8C20333931303A5438B43100DA5A24
:105AC000660D8A205731B53120A9205438B42E31C3
:105AD000AEB7283130AE57312900F65A7A0D54B49A
:105AE00054AC54383A8A2054B35430AC543920A9B9
:105AF000203632323000015B980D88203139383041
:105B000000425BAC0D58B438AE5131AC58AC4EAE1F
:105B100058313A59B438AE5132AC59AC4EAE583215
:105B20003A5131B4B72858AF38293A5132B4B7286E
:105B300059AF38293A5331B4B72858AD5131AE383E
:105B40002900695BDE0D5332B4B72859AD5132AE2E
:105B500038293A8A205331B43020A9205131B45128
:105B600031AD313A5331B43800835B060E8A20538D
:105B700032B43020A9205132B45132AD313A5332CF
:105B8000B43800A45B240E5835B4303A8A20513121
:105B9000B53120A9205835B4313A5131B4313A5396
:105BA00031B43100C05B560E8A205131B33820A980
:105BB000205835B4313A5131B4383A5331B4380001
:105BC000DC5B7E0E8A205132B53120A9205835B4D5
:105BD000313A5132B4313A5332B43100F85BA60E47
:105BE0008A205132B33820A9205835B4313A513285
:105BF000B4383A5332B438000A5CCE0E8A20583595
:105C0000B43020A92033383630003E5CD80E9E22B6
:105C10004C542E2055485552413A204D455353413E
:105C200047452046524F4D2053544152464C45451E
:105C30005420434F4D4D414E44202D2D22007D5C7C
:105C4000E20E9E222020275045524D495353494F82
:105C50004E20544F20415454454D50542043524FF0
:105C60005353494E47204F462047414C41435449E6
:105C70004320504552494D455445522200B45CECF6
:105C80000E9E222020495320484552454259202A41
:105C900044454E4945442A2E20205348555420441B
:105CA0004F574E20594F555220454E47494E455368
:105CB0002E272200EA5CF60E9E22434849454620E4
:105CC000454E47494E4545522053434F54543A2080
:105CD00020275741525020454E47494E45532053A7
:105CE00048555420444F574E22001B5D000F9E2202
:105CF0002020415420534543544F52223B53313BC3
:105D0000CC2838293B222C223B53323B224F4620C1
:105D10005155414452414E54223B003A5D010F9E81
:105D20002051313BCC2838293B222C223B51323B9D
:105D3000CC2838293B222E2722004F5D0A0F8A20CB
:105D400054B35430AC543920A92036323230006C70
:105D50005D140F8A2038AE5131AC5132B438AE5197
:105D600034AC513520A9203333373000845D1E0F09
:105D700054B454AC313A8C20333931303A88203124
:105D8000333230009C5D460F45B445AD4EAD3130E9
:105D90003A8A2045B3B43020A9208D00DC5D5A0F2B
:105DA0009E22534849454C4420434F4E54524F4C39
:105DB00020535550504C49455320454E4552475964
:105DC00020544F20434F4D504C4554452054484596
:105DD000204D414E45555645522E2200F75D640F29
:105DE00053B453AC453A45B4303A8A2053B5B43035
:105DF00020A92053B43000FD5D8C0F8D00395EA0CA
:105E00000F8A2044283329B53020A9209E224C4FE8
:105E10004E472052414E47452053454E534F525313
:105E20002041524520494E4F50455241424C452E4B
:105E3000223A882031393930006E5EBE0F9E224CE6
:105E40004F4E472052414E4745205343414E204636
:105E50004F52205155414452414E54223B51313B07
:105E6000CC2838293B222C223B51323A9E00925EAC
:105E7000C80F4F3124B4222D2D2D2D2D2D2D2D2D3C
:105E80002D2D2D2D2D2D2D2D2D2D223A9E204F31B6
:105E90002400CE5EDC0F812049B45131AD3120A603
:105EA000205131AC313A4E283129B4AD313A4E2827
:105EB0003229B4AD323A4E283329B4AD333A812079
:105EC0004AB45132AD3120A6205132AC31000B5FC3
:105ED00018108A2049B33020B12049B53920B120AB
:105EE0004AB33020B1204AB53920A9204E284AAD06
:105EF0005132AC3229B44728492C4A293A5A284908
:105F00002C4A29B44728492C4A2900245F5410827E
:105F1000204A3A81204CB43120A620333A9E227C7C
:105F200020223B00435F55108A204E284C29B53073
:105F300020A9209E222A2A2A20223B3A8820343275
:105F4000333000605F72109E20D028C9284E284C44
:105F500029AC31303030292C33293B2220223B0020
:105F60007E5F861082204C3A9E227C223A9E204FF1
:105F700031243A8220493A88203139393000AC5FE7
:105F8000A4108A2044283429B53020A9209E22500C
:105F900048415345525320494E4F50455241544970
:105FA00056452E223A88203139393000BE5FA9107B
:105FB0008A204B33B33020A9203433333000FA5FCA
:105FC000AE109E22534349454E4345204F46464915
:105FD0004345522053504F434B3A20202753454EC0
:105FE000534F52532053484F57204E4F20454E4554
:105FF0004D5920534849505322003360B8109E2217
:106000002020202020202020202020202020202090
:10601000202020202020202020494E205448495371
:10602000205155414452414E5427223A882031395B
:106030003930006860EA108A2044283829B53020B9
:10604000A9209E22434F4D50555445522046414968
:106050004C5552452048414D5045525320414343F1
:1060600055524143592E22008C60FE109E2250480A
:106070004153455253204C4F434B4544204F4E20F3
:106080005441524745543B2020223B00B060081148
:106090009E22454E4552475920415641494C414266
:1060A0004C45203D223B453B22554E49545322004E
:1060B000DF60121184224E554D424552204F46203A
:1060C000554E49545320544F2046495245223B587F
:1060D0003A8A2058B5B43020A9203139393000F23D
:1060E0006030118A2045AD58B53020A920343336B0
:1060F000300010613A1145B445AD583A8A20442821
:106100003729B53020A92058B458AEBE283129000F
:106110003C6162114831B4B72858AF4B33293A81FA
:106120002049B43120A620333A8A204B28492C3309
:1061300029B5B43020A92034363730006E61801183
:1061400048B4B728284831AFA74428302929AE28B9
:10615000BE283129AC3229293A8A2048B32E31355C
:10616000AE4B28492C3329A9203435333000A561A2
:1061700094119E2253454E534F52532053484F572C
:10618000204E4F2044414D41474520544F20454E1D
:10619000454D59204154223B4B28492C31293BCCB9
:1061A0002838293B00C56195119E222C223B4B28A3
:1061B000492C32293BCC2838293B222E223A8820F0
:1061C0003436373000FE61B2114B28492C3329B4E4
:1061D0004B28492C3329AD483A9E20483B22554E46
:1061E000495420484954204F4E204B4C494E474F6C
:1061F0004E20415420534543544F52223B001562D8
:10620000B3119E204B28492C31293BCC2838293BFF
:10621000222C223B003B62C6119E204B28492C3287
:10622000293BCC2838293B222E223A8A204B284968
:106230002C3329B5B43020A9209E006962C7119E75
:1062400020CC283237293B225B376D223B222A2A79
:106250002A204B4C494E474F4E2044455354524FF1
:10626000594544202A2A2A22008462C8119E20CC43
:10627000283237293B225B306D223A9E3A882034FF
:1062800035383000BB62D0119E22202853454E5332
:106290004F52532053484F57223B4B28492C332908
:1062A0003B22554E4954532052454D41494E494E8B
:1062B0004729223A88203436373000F362E4114B04
:1062C00033B44B33AD313A4B39B44B39AD313A5A23
:1062D00031B44B28492C31293A5A32B44B28492C35
:1062E00032293A4124B422202020223A8C20383608
:1062F00037300028632A124B28492C3329B4303A0E
:10630000472851312C513229B4472851312C513270
:1063100029AD3130303A5A2851312C513229B44705
:106320002851312C513229003B632B128A204B39E2
:10633000B5B43020A920363337300051633E128285
:1063400020493A8C20363030303A88203139393083
:106350000087635C128A2050B5B43020A9209E22A9
:10636000414C4C2050484F544F4E20544F525045B2
:10637000444F455320455850454E4445442E223AFB
:1063800088203139393000C2637A128A2044283596
:1063900029B53020A9209E2250484F544F4E2054FA
:1063A0005542455320415245204E4F54204F5045B1
:1063B000524154494F4E414C2E223A8820313939AE
:1063C0003000FC639812842250484F544F4E2054A2
:1063D0004F525045444F20434F555253452028318A
:1063E0002D3929223B43313A8A204331B3B4382E28
:1063F0003520A9204331B44331AD38001A64AC12C2
:106400008A204331B3B4302E3520B1204331B53822
:106410002E3520A92034383530004F64B6129E2224
:10642000454E5349474E204348454B4F563A20204E
:1064300027494E434F525245435420434F555253E0
:106440004520444154412C20534952212722005ACF
:1064500064C012882031393930009464F212583106
:10646000B4432843312C3129AC2843284331AC3183
:106470002C3129AD432843312C312929AE28433111
:10648000ADB728433129293A45B445AD323A50B425
:1064900050AD3100CC64FC125832B4432843312C47
:1064A0003229AC2843284331AC312C3229AD432862
:1064B00043312C322929AE284331ADB72843312945
:1064C000293A58B453313A59B4533200E2642E1386
:1064D0009E22544F525045444F20545241434B3A10
:1064E00022000A65381358B458AC58313A59B45997
:1064F000AC58323A5833B4B72858AC2E35293A59EB
:1065000033B4B72859AC2E352900316560138A2081
:106510005833B53120B2205833B33820B220593324
:10652000B53120B2205933B33820A9203534393061
:10653000006A6588139E2220202020202020202011
:10654000202020202020223B58333BCC2838293BD8
:10655000222C223B59333A4124B422202020223AD3
:106560005A31B4583A5A32B45900756589138C209F
:1065700038383330008865BA138A205A33B5B330BF
:1065800020A9203439323000B465C4134124B42228
:106590002B4B2B223A5A31B4583A5A32B4593A8CCE
:1065A00020383833303A8A205A33B43020A9203585
:1065B00032313000E565F6139E3A9E20CC28323702
:1065C000293B225B376D223B222A2A2A204B4C4949
:1065D0004E474F4E2044455354524F594544202A6C
:1065E0002A2A223B001666F7139E20CC2832372930
:1065F0003B225B306D223A4B33B44B33AD313A4BD7
:1066000039B44B39AD313A8A204B39B5B43020A971
:1066100020363337300041661E14812049B43120C2
:10662000A620333A8A205833B44B28492C3129B15B
:10663000205933B44B28492C3229A920353139301F
:10664000004D663C148220493A49B43300616646E5
:10665000144B28492C3329B4303A88203534333050
:10666000008D665A144124B422202A20223A5A313D
:10667000B4583A5A32B4593A8C20383833303A8ABE
:10668000205A33B43020A9203532383000C8668C07
:10669000149E2253544152204154223B58333B22F2
:1066A0002C223B59333B224142534F524245442016
:1066B000544F525045444F20454E455247592E2283
:1066C0003A8C203630303000D3668D148820313932
:1066D000393000FF66A0144124B4223E213C223A06
:1066E0005A31B4583A5A32B4593A8C203838333087
:1066F0003A8A205A33B43020A92034373630003A51
:1067000067D2149E20CC283237293B225B376D227A
:106710003B222A2A2A2053544152424153452044C5
:10672000455354524F594544202A2A2A223BCC280B
:106730003237293B225B306D22004E67D31442333F
:10674000B44233AD313A4239B44239AD31006D67AC
:10675000F0148A204239B33020B2204B39B354AD03
:106760005430AD543920A9203534303000B067FAA8
:10677000149E225448415420444F45532049542CE0
:10678000204341505441494E21212020594F55204A
:10679000415245204845524542592052454C4945B1
:1067A000564544204F4620434F4D4D414E44220014
:1067B000F26704159E22414E442053454E54454EE7
:1067C00043454420544F20393920535441524441C9
:1067D0005445532041542048415244204C41424F9B
:1067E00052204F4E204359474E55532031322121DC
:1067F0002200FD670E1588203632373000386818C1
:10680000159E2253544152464C45455420434F4D0A
:106810004D414E4420524556494557494E4720590F
:106820004F5552205245434F524420544F20434F1E
:106830004E53494445522200536822159E22434F2D
:10684000555254204D41525449414C21223A443032
:10685000B43000716836155A31B4583A5A32B459C6
:106860003A4124B422202020223A8C203836373076
:1068700000AE685E15472851312C513229B44B3394
:10688000AE313030AC4233AE3130AC53333A5A28AB
:1068900051312C513229B4472851312C5132293AE7
:1068A0008C20363030303A88203139393000D56884
:1068B00072159E22544F525045444F204D49535318
:1068C00045442E223A9E3A8C20363030303A882089
:1068D000313939300009699A158A2044283729B599
:1068E0003020A9209E22534849454C4420434F4E16
:1068F00054524F4C20494E4F50455241424C452E28
:10690000223A882031393930004869B8159E22452D
:106910004E4552475920415641494C41424C452031
:106920003D223B45AC533B3A84224E554D424552A5
:10693000204F4620554E49545320544F2053484928
:10694000454C4453223B58007869CC158A2058B5F1
:106950003020B22053B45820A9209E223C534849ED
:10696000454C445320554E4348414E4745443E22F2
:106970003A882031393930008C69D6158A2058B5CB
:10698000B445AC5320A9203536333000CC69E0152E
:106990009E22534849454C4420434F4E54524F4C3D
:1069A0003A20202754484953204953204E4F542021
:1069B0005448452046454445524154494F4E205481
:1069C000524541535552592E27222000EE69EA15AF
:1069D0009E223C534849454C445320554E43484120
:1069E0004E4745443E223A88203139393000196AF1
:1069F000FE1545B445AC53AD583A53B4583A9E22AF
:106A00004445464C4543544F5220434F4E54524FF9
:106A10004C20524F4F4D3A2200526A1C169E2220A3
:106A20002027534849454C4453204E4F572041544A
:106A3000223BB72853293B22554E495453205045F9
:106A40005220594F555220434F4D4D414E442E2711
:106A500022005D6A1D1688203139393000726A3A89
:106A6000168A2044283629B3B43020A9203539317C
:106A70003000AC6A44169E2244414D4147452043B4
:106A80004F4E54524F4C205245504F5254204E4F6F
:106A90005420415641494C41424C452E223A8A20CD
:106AA0004430B43020A9203139393000D36A581627
:106AB0004433B4303A812049B43120A620383A8A90
:106AC0002044284929B53020A9204433B44433ACAC
:106AD0002E3100E96A80168220493A8A204433B474
:106AE0003020A9203139393000086B94169E3A4481
:106AF00033B44433AC44343A8A204433B3B4312001
:106B0000A9204433B42E3900476BB2169E22544557
:106B100043484E494349414E53205354414E444902
:106B20004E4720425920544F204546464543542065
:106B30005245504149525320544F20594F555220ED
:106B4000534849503B2200836BBC169E2245535448
:106B5000494D415445442054494D4520544F2052FD
:106B600045504149523A223B2E3031AEB7283130A0
:106B700030AE4433293B225354415244415445538F
:106B80002E2200B76BD016842257494C4C20594F07
:106B90005520415554484F52495A452054484520A4
:106BA000524550414952204F524445522028592FB6
:106BB0004E29223B412400CB6BE4168A204124B5A8
:106BC000B3225922A9203139393000EB6BEE1681FE
:106BD0002049B43120A620383A8A2044284929B5D2
:106BE0003020A92044284929B43000FD6B021782C7
:106BF00020493A54B454AC4433AC2E3100296C16BD
:106C0000179E3A9E22444556494345202020202085
:106C100020202020202020205354415445204F463E
:106C20002052455041495222005E6C17179E222D7A
:106C30002D2D2D2D2D202020202020202020202013
:106C400020202D2D2D2D2D2D2D2D2D2D2D2D2D2D8E
:106C50002D223A81205231B43120A6203800906C88
:106C600020178C20383739303A9E204732243BCFCA
:106C7000285A242C3235ADC82847322429293BB75D
:106C8000284428523129AE31303029AE2E3031001F
:106C9000AA6C3E17822052313A9E3A8A204430B57F
:106CA000B33020A9203537323000B56C5C1788200E
:106CB0003139393000C56C70178A204B33B5B43088
:106CC00020A9208D00FF6C7A178A204430B5B3309C
:106CD00020A9209E225354415242415345205348FB
:106CE00049454C44532050524F5445435420544836
:106CF0004520454E54455250524953452E220005D9
:106D00006D7B178D00266D9817812049B43120A620
:106D100020333A8A204B28492C3329B5B43020A996
:106D2000203632303000476DAC1748B4B728284BB6
:106D300028492C3329AFA74428312929AE2832AC61
:106D4000BE283129292900686DAD1753B453AD48C9
:106D50003A4B28492C3329B44B28492C3329AF28E6
:106D600033ACBE2830292900986DC0179E3A9E206A
:106D7000483B22554E495420484954204F4E204507
:106D80004E54455250524953452046524F4D205380
:106D90004543544F52223B00BE6DC1179E204B28E5
:106DA000492C31293BCC2838293B222C223B4B282B
:106DB000492C32293BCC2838293B222E2200D06D89
:106DC000CA178A2053B5B43020A920363234300097
:106DD000076ED4179E222020202020203C534849B3
:106DE000454C445320444F574E20544F223B533B75
:106DF00022554E4954533E223A8A2048B53230201B
:106E0000A9203632303000276EE8178A20BE28319C
:106E100029B32E3620B22048AF53B5B42E303220DD
:106E2000A9203632303000536EFC175231B4A752CD
:106E30002831293A4428523129B44428523129AD05
:106E400048AF53AD2E35AEBE2831293A8C203837A5
:106E5000393000876E1A189E2244414D4147452023
:106E6000434F4E54524F4C3A2027223B4732243B4B
:106E7000222044414D414745442042592054484531
:106E800020484954272200916E38188220493A8DB3
:106E900000BD6E4C189E3A9E2249542049532053FF
:106EA00054415244415445223B543BCC2838293B61
:106EB000222E223A9E3A88203632373000FB6E600E
:106EC000189E3A9E2254484520454E5445525052F1
:106ED00049534520484153204245454E204445539F
:106EE00054524F5945442E2020544845204645448D
:106EF00045524154494F4E20223B001C6F6A189E58
:106F00002257494C4C20424520434F4E5155455243
:106F100045442E223A88203632323000536F7E1894
:106F20009E2254484552452057455245223B4B39F5
:106F30003B224B4C494E474F4E20424154544C4506
:106F4000204352554953455253204C454654204105
:106F5000542200736F88189E2254484520454E44A1
:106F6000204F4620594F5552204D495353494F4EBB
:106F70002E2200896F92189E3A9E3A8A204239B496
:106F80003020A9203633363000C66FA6189E225412
:106F900048452046454445524154494F4E204953A7
:106FA00020494E204E454544204F462041204E4525
:106FB0005720535441525348495020434F4D4D415F
:106FC0004E4445522200FF6FB0189E22464F522079
:106FD000412053494D494C4152204D495353494F4B
:106FE0004E202D2D204946205448455245204953D6
:106FF000204120564F4C554E544545522C22003DC1
:1070000070BA1884224C45542048494D20535445A9
:107010005020464F525741524420414E4420454E45
:10702000544552202741594527223B41243A8A2082
:107030004124B42241594522A9203130005970D849
:10704000189E3A9E20224241434B20544F205359D0
:107050005354454D2E223A80009B70E2189E2243E5
:107060004F4E47524154554C4154494F4E532C209A
:107070004341505441494E212020544845204C4121
:107080005354204B4C494E474F4E20424154544C90
:107090004520435255495345522200D070EC189E6A
:1070A000224D454E4143494E4720544845204645D0
:1070B0004445524154494F4E204841532042454592
:1070C0004E2044455354524F5945442E223A9E0077
:1070D0000B7100199E22594F55522045464649438F
:1070E00049454E435920524154494E472049532265
:1070F0003B31303030AE284B37AF2854AD543029B7
:1071000029B0323A882036323930002F711E198169
:107110002049B45331AD3120A6205331AC313A81EE
:10712000204AB45332AD3120A6205332AC31005244
:107130007132198A20B72849AC2E3529B53120B2D1
:1071400020B72849AC2E3529B33820A9203635344C
:107150003000757133198A20B7284AAC2E3529B50D
:107160003120B220B7284AAC2E3529B33820A920C7
:107170003635343000A1715A194124B4223E423CC4
:10718000223A5A31B4493A5A32B44A3A8C20383801
:1071900033303A8A205A33B43120A920363538307A
:1071A00000B9718C1982204A3A8220493A4430B49D
:1071B000303A88203636353000D871B4194430B4AE
:1071C000313A4324B422444F434B4544223A45B418
:1071D00045303A50B45030001072DC199E225348AA
:1071E00049454C44532044524F5050454420464F4B
:1071F0005220444F434B494E4720505552504F5315
:1072000045532E223A53B4303A8820363732300074
:107210002F72FA198A204B33B33020A9204324B4AB
:10722000222A5245442A223A8820363732300056E4
:1072300072041A4324B422475245454E223A8A200A
:1072400045B54530AE2E3120A9204324B4225945FE
:107250004C4C4F5722006B72401A8A204428322926
:10726000B3B43020A92036373730009C724A1A9EBA
:107270003A9E222A2A2A2053484F52542052414EE5
:1072800047452053454E534F525320415245204FBE
:107290005554202A2A2A223A9E3A8D00D272721A16
:1072A0004F3124B4222020202B2D2D312D2D2D3295
:1072B0002D2D2D332D2D2D342D2D2D352D2D2D36E0
:1072C0002D2D2D372D2D2D382D2B223A9E204F314F
:1072D0002400E972731A812049B43120A620383A7B
:1072E0009E20493B227C223B001D73A41A81204A28
:1072F000B42849AD3129AE3234AC3120A62849AD8D
:107300003129AE3234AC323220AB20333A9E2220C7
:10731000223BD12851242C4A2C33293B002D73A524
:107320001A82204A3A9E227C223B493B005F73AE80
:107330001A912049208820363835302C36393030A3
:107340002C363936302C373032302C373037302C21
:10735000373132302C373138302C37323430008FDF
:1073600073C21A9E22202020202020202053544126
:10737000524441544520202020202020202020223B
:107380003B3A9E20B72854AE313029AE2E31009AB8
:1073900073C31A88203732363000BE73F41A9E2227
:1073A0002020202020202020434F4E444954494F84
:1073B0004E20202020202020202020223B00E1738E
:1073C000F51A8A204324B4222A5245442A2220A9AD
:1073D000208C20393237303A88203732363020201E
:1073E000000374F61A8A204324B422444F434B45C9
:1073F000442220A9208C20393238303A8820373274
:107400003630001474F71A9E2043243A208820371F
:10741000323630004B74301B9E222020202020204A
:1074200020205155414452414E54202020202020FC
:107430002020202020223B51313BCC2838293B22E0
:107440002C223B51323BCC283829005674311B8802
:107450002037323630008D746C1B9E222020202075
:1074600020202020534543544F522020202020200C
:1074700020202020202020223B53313BCC283829BB
:107480003B222C223B53323BCC2838290098746D88
:107490001B88203732363000C2749E1B9E2220206B
:1074A00020202020202050484F544F4E20544F522F
:1074B0005045444F45532020223B3A9E20B7285048
:1074C0002900CD749F1B88203732363000F974D0E4
:1074D0001B9E222020202020202020544F54414C4D
:1074E00020454E45524759202020202020223B3A5B
:1074F0009E20B72845AC5329000475D11B8820373E
:10750000323630002E750C1C9E2220202020202098
:107510002020534849454C4453202020202020203F
:1075200020202020223B3A9E20B72853290039757D
:107530000D1C882037323630006475481C9E22208E
:10754000202020202020204B4C494E474F4E5320D6
:1075500052454D41494E494E47223B3A9E20B7285D
:107560004B39290074755C1C8220493A9E204F31AA
:10757000243A8D00A0757A1C8A2044283829B53019
:1075800020A9209E22434F4D505554455220444936
:107590005341424C45442E223A882031393930003B
:1075A000DB75981C8422434F4D5055544552204161
:1075B000435449564520414E44204157414954497E
:1075C0004E4720434F4D4D414E44223B413A8A2085
:1075D00041B53020A92031393930000C76B61C9ED7
:1075E0003A4838B4313A912041AC312088203735BF
:1075F00034302C373930302C383037302C38353067
:10760000302C383135302C37343030003E76C01CC9
:107610009E2246554E4354494F4E532041564149B0
:107620004C41424C452046524F4D204C494252411C
:1076300052592D434F4D50555445523A22007276BF
:10764000C51C9E20222D2D2D2D2D2D2D2D2D2D2D8A
:107650002D2D2D2D2D2D2D2D2D2D2D2D2D2D2D2D5A
:107660002D2D2D2D2D2D2D2D2D2D2D2D2D2D223A48
:107670009E009976CA1C9E2220202030203D204367
:10768000554D554C41544956452047414C5449436A
:10769000205245434F52442200B576CC1C9E2220F6
:1076A000202031203D205354415455532052455001
:1076B0004F52542200D776CE1C9E2220202032200A
:1076C0003D2050484F544F4E20544F525045444F48
:1076D00020444154412200F776D01C9E22202020D5
:1076E00033203D205354415242415345204E415690
:1076F000204441544122002377D21C9E2220202086
:1077000034203D20444952454354494F4E2F44496B
:107710005354414E43452043414C43554C41544FF3
:107720005222005377D41C9E2220202035203D2059
:1077300047414C4158592027524547494F4E204E0A
:10774000414D4527204D4150223A9E3A88203733FB
:107750003230008E77E81C4838B4303A4735B431BF
:107760003A9E22202020202020202020202020207F
:107770002020202020202020202020544845204761
:10778000414C415859223A8820373535300094779A
:10779000741D8E009A77761D8E00AC77771D9E3A09
:1077A0009E2220202020202020223B00E977781DE7
:1077B0009E22434F4D5055544552205245434F52FF
:1077C00044204F462047414C41585920464F5220B3
:1077D0005155414452414E54223B51313BCC283803
:1077E000293B222C223B513200EF777A1D9E002943
:1077F000787E1D9E22202020202020203120202045
:10780000202032202020202033202020202034203F
:10781000202020203520202020203620202020203D
:107820003720202020203822006978881D4F3124FD
:10783000B422202020202B2D2D2D2D2D2B2D2D2D34
:107840002D2D2B2D2D2D2D2D2B2D2D2D2D2D2B2D6E
:107850002D2D2D2D2B2D2D2D2D2D2B2D2D2D2D2D5C
:107860002B2D2D2D2D2D2B22009478921D9E204FF7
:1078700031243A812049B43120A620383A9E20494B
:107880003B2220223B3A8A204838B43020A92037B6
:1078900037343000C678CE1D81204AB43120A6206E
:1078A000383A9E227C20223B3A8A205A28492C4A88
:1078B00029B43020A9209E222A2A2A20223B3A8855
:1078C000203737323000E578141E9E20D028C92892
:1078D0005A28492C4A29AC31303030292C33293BE5
:1078E0002220223B00F778281E8A204AB43820A99B
:1078F000209E20227C22000679291E82204A3A8876
:107900002037383530003A793C1E5A34B4493A5A57
:1079100035B4313A8C20393033303A4A30B4B72854
:107920003135AD2E35AEC82847322429293A9E205C
:10793000A54A30293B4732243B006879781E5A35E6
:10794000B4353A8C20393033303A4A30B4B7283322
:1079500039AD2E35AEC82847322429293A9E20A5B4
:107960004A30293B473224007F79AA1E9E204F319E
:10797000243A8220493A9E3A88203139393000B47D
:1079800079DC1E9E20222020205354415455532040
:107990005245504F52543A223A9E20222020202D08
:1079A0002D2D2D2D2D2D2D2D2D2D2D2D223A5824E3
:1079B000B4222200C879DD1E8A204B39B33120A9B8
:1079C000205824B422532200E779041F9E204B390B
:1079D0003B224B4C494E474F4E223B58243B2220E2
:1079E0004C4546542E2200207A181F9E22204D49D5
:1079F0005353494F4E204D55535420424520434F39
:107A00004D504C4554454420494E223B2E31AEB793
:107A100028285430AC5439AD5429AE3130293B00BC
:107A2000327A191F9E225354415244415445532ED9
:107A300022005A7A221F5824B42253223A8A204222
:107A400039B53220A9205824B422223A8A2042395A
:107A5000B53120A9203830313000847A2C1F9E2285
:107A6000205448452046454445524154494F4E20F4
:107A70004953204D41494E5441494E494E47223BBE
:107A800042393B00A97A2D1F9E2253544152424154
:107A90005345223B58243B2220494E205448452040
:107AA00047414C4158592E2200B47A361F88203560
:107AB00036393000E67A4A1F9E22594F55522053DC
:107AC000545550494449545920484153204C454647
:107AD0005420594F55204F4E20594F5552204F5743
:107AE0004E20494E2200207B541F9E2220205448C5
:107AF000452047414C415859202D2D20594F5520A4
:107B000048415645204E4F2053544152424153451F
:107B100053204C45465421223A88203536393000CE
:107B2000337B861F8A204B33B5B43020A9203432F2
:107B30003730004D7B901F5824B422223A8A204BC4
:107B400033B33120A9205824B422532200807B9AD9
:107B50001F9E2246524F4D20454E54455250524989
:107B6000534520544F204B4C494E474F4E204241E5
:107B700054544C4520435255534552223B582400FF
:107B8000A67BA41F4838B4303A812049B43120A6DE
:107B900020333A8A204B28492C3329B5B43020A908
:107BA000203834383000BD7BAE1F5731B44B2849E4
:107BB0002C31293A58B44B28492C322900D37BB8B0
:107BC0001F4331B453313A41B453323A88203832EA
:107BD000323000F97BD61F9E224449524543544916
:107BE0004F4E2F44495354414E43452043414C434B
:107BF000554C41544F523A2200307CE01F9E22598E
:107C00004F55204152452041542051554144524145
:107C10004E5420223B51313BCC2838293B222C2288
:107C20003B51323B2220534543544F5220223B00CC
:107C30004E7CE11F9E2053313BCC2838293B222C1F
:107C4000223B53323BCC2838293B222E2200817C18
:107C5000EA1F8422504C4541534520454E5445521D
:107C600020494E495449414C20434F4F5244494EBC
:107C7000415445532028582C5929223B43312C414B
:107C800000A57C0820842246494E414C20434F4F9A
:107C90005244494E415445532028582C5929223BDF
:107CA00057312C5800C47C1C2058B458AD413A417F
:107CB000B44331AD57313A8A2058B53020A9203825
:107CC00033353000D57C3A208A2041B53020A920B8
:107CD0003834313000E67C44208A2058B33020A963
:107CE000203832383000FE7C4E208A2041B43020CB
:107CF000A9204331B4353A88203832393000077D25
:107D000058204331B431001E7D62208A20B82841BA
:107D100029B5B4B8285829A9203833333000557D07
:107D200076209E22444952454354494F4E203D22DD
:107D30003B4331AC282828B8284129ADB828582918
:107D400029ACB828412929AFB8284129293A8820E7
:107D500038343630007E7D8A209E22444952454385
:107D600054494F4E203D223B4331AC28B82841298D
:107D7000AFB8285829293A88203834363000967D03
:107D80009E208A2041B33020A9204331B4333A8861
:107D9000203834323000AF7DA8208A2058B5B33067
:107DA00020A9204331B4353A88203832393000B820
:107DB0007DDA204331B43700CF7DE4208A20B82813
:107DC0004129B3B4B8285829A920383435300006E1
:107DD0007EEE209E22444952454354494F4E203D59
:107DE000223B4331AC282828B8285829ADB828416F
:107DF0002929ACB828582929AFB8285829293A8800
:107E0000203834363000287E02219E2244495245D3
:107E10004354494F4E203D223B4331AC28B82858AB
:107E200029AFB82841292900537E0C219E224449BC
:107E30005354414E4345203D223BBD2858B032ACFF
:107E400041B032293A8A204838B43120A92031394A
:107E5000393000627E20218220493A882031393928
:107E60003000907E34218A204233B5B33020A920DF
:107E70009E2246524F4D20454E5445525052495332
:107E80004520544F2053544152424153453A220019
:107E9000A67E35215731B442343A58B442353A8837
:107EA000203831323000E87E3E219E224D522E2075
:107EB00053504F434B3A20202753454E534F525374
:107EC0002053484F57204E4F205354415242415364
:107ED000455320494E20544849532051554144525E
:107EE000414E542E27223B00F37E48218820313911
:107EF000393000257F8E215231B4A7522831293ADA
:107F00005232B4A7522831293A4124B422202020E9
:107F1000223A5A31B452313A5A32B452323A8C205F
:107F20003838333000377F8F218A205A33B43020DD
:107F3000A92038353930003D7F98218D005D7FDEE6
:107F4000215338B4B7285A32AD2E3529AE33ACB7E9
:107F5000285A31AD2E3529AE3234AC3100797FE369
:107F6000218A20C828412429B5B33320A9209E2284
:107F70004552524F52223A8F00987FE8218A20536F
:107F800038B43120A9205124B44124ACD028512444
:107F90002C313839293A8D00B97FF2218A205338A3
:107FA000B431393020A9205124B4CF2851242C31A8
:107FB000383929AC41243A8D00DD7FFC215124B4AD
:107FC000CF2851242C5338AD3129AC4124ACD028D2
:107FD00051242C313930AD5338293A8D0010805658
:107FE0002291205231208820383739322C383739C5
:107FF000342C383739362C383739382C383830303B
:108000002C383830322C383830342C383830360070
:1080100029805822473224B4225741525020454EDD
:1080200047494E4553223A8D0049805A224732240F
:10803000B42253484F52542052414E474520534595
:108040004E534F5253223A8D0068805C22473224AF
:10805000B4224C4F4E472052414E47452053454E87
:10806000534F5253223A8D0083805E22473224B40C
:108070002250484153455220434F4E54524F4C22B8
:108080003A8D009C806022473224B42250484F54DD
:108090004F4E205455424553223A8D00B7806222FC
:1080A000473224B42244414D41474520434F4E546A
:1080B000524F4C223A8D00D2806422473224B4229F
:1080C000534849454C4420434F4E54524F4C223A5A
:1080D0008D00EF806622473224B4224C494252413F
:1080E00052592D434F4D5055544552223A8D002838
:1080F000817E225A31B4B7285A31AC2E35293A5AEA
:1081000032B4B7285A32AC2E35293A5338B4285AEB
:1081100032AD3129AE33AC285A31AD3129AE3234CB
:10812000AC313A5A33B430004081BA228A20D12887
:1081300051242C53382C3329B5B34124A9208D0068
:108140004B81C4225A33B4313A8D00888146238A48
:10815000205A35B5B43420A92091205A34208820E3
:10816000393034302C393035302C393036302C39E8
:108170003037302C393038302C393039302C3931D7
:1081800030302C393131300093814B238820393104
:10819000323000AC815023473224B422414E544146
:1081A000524553223A88203932313000C3815A2354
:1081B000473224B422524947454C223A882039326A
:1081C000313000DC816423473224B42250524F43C3
:1081D000594F4E223A88203932313000F2816E23D5
:1081E000473224B42256454741223A882039323159
:1081F00030000B827823473224B42243414E4F5043
:108200005553223A88203932313000238282234765
:108210003224B422414C54414952223A8820393206
:1082200031300040828C23473224B42253414749E5
:1082300054544152495553223A8820393231300042
:1082400058829623473224B422504F4C4C55582222
:108250003A882039323130008B82A02391205A3461
:10826000208820393133302C393134302C393135B4
:10827000302C393136302C393137302C39313830D7
:108280002C393139302C3932303000A382AA2347BF
:108290003224B422534952495553223A8820393264
:1082A000313000BA82B423473224B42244454E45CB
:1082B00042223A88203932313000D382BE234732FD
:1082C00024B422434150454C4C41223A8820393253
:1082D000313000EF82C823473224B422424554454E
:1082E0004C4745555345223A882039323130000AEF
:1082F00083D223473224B422414C44454241524167
:108300004E223A882039323130002383DC23473231
:1083100024B422524547554C5553223A88203932CD
:108320003130003D83E623473224B4224152435486
:1083300055525553223A882039323130004D83F05E
:1083400023473224B422535049434122008A83FAFE
:10835000238A204735B5B33120A92091205A3520F2
:108360008820393233302C393234302C39323530A0
:108370002C393236302C393233302C393234302CDF
:10838000393235302C3932363000908304248D0058
:10839000A3830E24473224B4473224AC222049223E
:1083A0003A8D00B7831824473224B4473224AC22D4
:1083B000204949223A8D00CC832224473224B447F5
:1083C0003224AC2220494949223A8D00E0832C24F2
:1083D000473224B4473224AC22204956223A8D0039
:1083E000088436249E20CC283237293B225B376D07
:1083F000223B222A5245442A223BCC283237293BB1
:10840000225B306D223A8D00318440249E20CC289E
:108410003237293B225B376D223B22444F434B4589
:1084200044223BCC283237293B225B306D223A8DE7
:108430000037840F278000000000000000000000CB
:10844000000000000000000000000000000000002C
:10845000000000000000000000000000000000001C
:10846000000000000000000000000000000000000C
:1084700000000000000000000000000000000000FC
:1084800000000000000000000000000000000000EC
:1084900000000000000000000000000000000000DC
:1084A00000000000000000000000000000000000CC
:1084B00000000000000000000000000000000000BC
:1084C00000000000000000000000000000000000AC
:1084D000000000000000000000000000000000009C
:1084E000000000000000000000000000000000008C
:1084F000000000000000000000000000000000007C
:1085000043C5C4D405247B9F0707C060D5765B9123
:108510000400DCFD589373E34464C5BC78D0655512
:1085200011900007070560CB9D545B1547F354FF7E
:1085300013B75F954555060554FDD57D51846159A6
:108540009837EDD7E609DD271D51485677D00790BB
:1085500065E0756384DC257857D76BDC1543875756
:1085600057C45C39035144449D9DBF7C79550475C3
:108570001CD91C77C3119D5F5B975C70D7615498C1
:108580007B2761446460B657E39C78BD549685545C
:108590007219D1941715006559141303E535CE13DC
:1085A000F553497C556468D4CF7B79DD7C70F858ED
:1085B000C5E567459C84E173DC1D9D44188637DD65
:1085C0007175DF1DFD51C7051F031160756855E703
:1085D00091307FFF51E5153E995CF4D60B17195485
:1085E000D57443E7473F7B7BD814756703E7579FF4
:1085F000157053DD15147CDCF7575FFD56FF53856E
:10860000D91C9347E7C5DC95545097093C5D1EFF84
:10861000679C988C717FD365FF5D576F5D747B613C
:1086200066C754941598D50197C58707457F718310
:10863000141313457175FFD521D154FC6365C5C56D
:10864000A70F9F557D63455307D93533413B5D14D3
:108650007043181D95737564C1D75F9717F745FC74
:1086600051093445714063647D7B55656194DF51E8
:10867000D337D737F187777851841140181BD75DEE
:1086800094C5F7FFDC55C7B4519D7CDE989D761BE1
:108690007469189C5D01094465E3504563554105C3
:1086A0005D84DDD31100DE514555967D676BE7DFB4
:1086B0004F1354843BB15CDD176565547C776D14B2
:1086C000730F720B1D70FFD75315B74775245A00EF
:1086D000FBD05C147D96D9DDE117C31431C09CC575
:1086E0007C01F46750528574744643DD11F5C0DC9B
:1086F00005D1158515150FFC96570FE5E5C7FF87C2
:10870000459C1564735F60D377540545039F9FDFD5
:10871000FD4B95D61F65F9DF489D944C5D997975A1
:10872000C7434B658CD07749531D1B5DAD547C5EB0
:108730005153E16705DC7D55141C70E65D45D42B73
:1087400077795901DCFC5498991DFCF685C7DCBD8E
:10875000EF5C5504DCF545C5D7554431091911C402
:1087600075E45359125D845D570C748401E95573A7
:1087700095616FFC75581C1814D4F47D5F95C41472
:10878000D413171FD414DDD031D7150714E9D5ED54
:10879000DF854539729507E05F5597191D17E46528
:1087A000550577DF31D51464D6D374735A5C62777C
:1087B000135740C787B7405F15DD74508C5CFFFDD1
:1087C000178579145B017404E4E47452C7DF976D74
:1087D0009EEDBC55D0A57FC074D465FC5355F761A0
:1087E0004CF6C51D9400754C17275B4F78097F9791
:1087F0005934156C7401F1FCDC149B6D56D11F15B6
:108800006022AA6BE787AC84BAFA666B5BED6B916A
:108810009DA66CBCFCFE62EEDEC69A0FEA8B87FB5F
:108820007BF5CC86A6EB8686106A834BBC58FDE4AC
:1088300020FA928700F78F3BA06F18EA940A98AC51
:10884000EF1A848E84A2FFA782A7C2B80A0ABB8649
:10885000798A2EE1868F2F73439A82A963A063A839
:10886000AF9F1F78FAC7EB7898A49886AF1A8267F3
:1088700002828D12CF0A20620D03B9EEFE336878B2
:1088800084A67783ABFF27FBE27CABCC24A8E4B8BB
:10889000A3E1ECDA29A33AF220A62A40868A2060D6
:1088A000E85102A7A8B8DAA68B00033B8B071C800F
:1088B0005B7BABA7E7A3E520E0CEB8CE334339EF2F
:1088C000ADB4300A2B0B9F808CAF3B836F26608743
:1088D0007BBB1387B8A58A7A581A62081EB1E81BB9
:1088E000988EE828306B1DF8982838B2F3288AB79C
:1088F000AFBCEE5DEFA724FF7E66E87E63E6FF83F4
:108900000300860788F6E7CAA7C4FEF4EA1CB898F5
:1089100025E8FE79A4E4E6678B8082883EF98783A8
:108920003B98DEBFB8E286A328FA3BFA9808906825
:108930009640837CA02229E6872B12428CF8F9F01E
:10894000E2F8A942EBB978FA999ABADE93B9EEBA8D
:108950009BE38E617AAA9F7AFB5A899C9C9AA7E333
:1089600089A838F842993368E30582AEDF224B13B9
:1089700042A203A68728D2AB474948A79DAAFE8CEE
:108980000D2BA12068900B322BA3C386AE77AA8350
:10899000DAF9CCA0CC087A39A64AB888B2E406AE97
:1089A0003EBA21A17B6AAF8F79FA9B03618B3AA310
:1089B0000442207AE39785EF3E8AEC0ECE1DB12C5F
:1089C000AF3AE36FF880E802019AF07EFBBCEEC498
:1089D00007AE1A87BC26EA8362EAA00F9992EA9B47
:1089E0009FBF3A2AE1A6AE9C82A79FF8E887AB9783
:1089F000EC9CA0EA87268A8F9A9E3FEBC9F4A606D4
:108A0000C98DDC3361ACEFE836A7EC8F2AEDE40EBC
:108A10009CFC6868207860A0FEA77E9B7BB330F842
:108A20006208789C222A33EE78683B63F9870373E7
:108A3000AB6EAEE4922DB0A26CFFCBEAAEBEC20A22
:108A40004B278B03881F3EAA057BDB13009EF7860E
:108A50006084387AF068F683CF2161883BAB429F0F
:108A60009D82BCF0F7EEE8BA09ABBAECBDBF6EE68A
:108A70005DD90B9A49A9ECAFAFC7048B9A22BBEA28
:108A8000DAB8C49DBE9BC480A80862F99A3F9928B1
:108A900026C7245CA3288A90396CD032BB1B2BBB21
:108AA000999FDBAC480AEAAF387BA366E3F22D401E
:108AB000BE03ABE98EA6842812A29B3B7B03A3AC2A
:108AC00093873ED56E2AFFA1837EC862F9BF10AEA0
:108AD0002E0BFCFBC779FB2FA0AAEC9E0A4A388A12
:108AE0003F7039C06878C23A083262AFBB9F2CF041
:108AF000AA9A8EECAC82BC22F2C0B5EF8A1BAB0BFB
:108B00009E17E82CA2AB274322439D28000282EB4C
:108B1000FE60E2E0BE667B85ACBF0B2A1A7A9D3B05
:108B2000AA0AFB1C08A2EBBAD88CBD5A19329DFCCC
:108B300005B8DC335B04223FE86F3FB08E9A67A331
:108B4000E894D8B67FFE0563F3EF9F63A20F9920E8
:108B50007AF3091A03A8A20978C3088B98689EBF04
:108B60003BA3C6EBF7F8023AEB8BFB699EEC302B8C
:108B7000F38787839E0A73AFFADDBA6AE7870AB97B
:108B80007BAABC64E38B83A720A8B46A3FB086832A
:108B90000FD882BBA6286260A7CA836FEC3D9AAF4C
:108BA0001B1102C887FDE0BAFFFC170BA033EB785E
:108BB0007CBFF9C4EA0670EBB83893B8CAA787C47B
:108BC000AE8783A36B9E562848EA2F3B0022ABCA90
:108BD000046E60E8018A92C69484A5AC40B8BB29B3
:108BE000199A528AB64B82186AA87AAEC58C27E3C6
:108BF000039F9A03A4102A18FAF8E7EEA7E7C3F731
:108C000018C6FFDFFDF4DC757956E1425F1B78740E
:108C10005475129D3D1565C4D72217ACD4F95D1368
:108C200075454474D30F7D74599C75574DA49DF8B8
:108C30005D5DF757D74F77C70549FC54F5B475EC20
:108C4000355E11695E91FCF70711845D1705857F1C
:108C5000C5071B085654D551D7F7591B7564E957FA
:108C6000157013A763855D03DB35FA75F4D601DF54
:108C7000441904677F51D0675F510454DF5CF3D718
:108C8000157303147544150205D7CD8767B9D4DD74
:108C90003C7DF4675B1D119D7E7179777770705F05
:108CA0009D17377D7F139F07DF5501D1976D74683E
:108CB000DF4596CD5536706545404C7064E054ED07
:108CC0008287C745C18545D0445F1541E5D51CF570
:108CD000F47DBD755DF0FF5FDDF5F4457F7356FFF4
:108CE0005C50CD1EFD7E7E7351001098FCFC5D54DF
:108CF000CD0C5252715D1C10D7055DD3404707590A
:108D000077615F3A875DD9F514F4DB156517854007
:108D1000765100189CD4477CF615705C1094D440B2
:108D20001119F57D58F7614054F71F54DFDF557076
:108D3000036547166F5C77DD954911BF7514D05CEC
:108D40005E4011E4DC610E53C5D63C85DD498645A5
:108D50005B1B1F5D77E5E5F7471D579907B150ECA1
:108D60006373FD57C09853436410805352ED67639B
:108D700055C455D5E45D055B97F7E5C55F1474E709
:108D80009F1551D40B71686DD1549444010508317D
:108D9000785941FFE57577FD544D73575197411050
:108DA000155F7012007111D147D695724571D3E7E6
:108DB000741F17DE79705D587BF4CDBDDC5D449B7C
:108DC000131844561761654D509D5954B5655FF8A9
:108DD000E7FBD49F9D5D391CDDDCBD05C45787874B
:108DE000DFF48547D767F54411675E9D944D1353B3
:108DF000D045FC4C5B7573478544BF57EDD25D95FC
:108E00000110C514FCD6B57971183165E7455315C5
:108E10009757E1745BE50DDE5371756C71588D7772
:108E200053CA15E5871D7C7B63BF6554F547BF13A7
:108E30001F009F57F71551735B0875ECF347D7C4B4
:108E4000F5654207714B9C145F05A69DDD75D5F451
:108E50004979D07F254564F0D7E44E11DF1FD7D183
:108E6000B5D71D0133D75D94DD9517099D0E17DF2A
:108E700084C55F55B1704273C70599D4754C1C19F0
:108E8000EC5C97FD5D7873B15FF7ED1F430B5717EF
:108E900041187A5359F0C4CBBCED94B915D4BCC475
:108EA000C49C9444E017555863418D75DC76BD1C15
:108EB000651538D495041A656443FF5187655E993A
:108EC0004604051DC29D9FE401C5581303F8FD55D6
:108ED0005D38D0F4735543D53FD319304F33532DFC
:108EE000A66CF1548B15305779D197DD05C43BFD45
:108EF000F446C71D977F45716F5B1765755D3153EC
:108F0000D9455C9555482D5C001057957781D484E0
:108F10000574471FF5550CF565245DD4861F755003
:108F2000875512DB11606733C4175361434511D570
:108F3000C935D4D4567901F97FD85D0751595C3CC5
:108F4000AC7C846440F845F8DF1CD52D111FDFC7C9
:108F5000402B5C3DFC1D7F9524697C6460ED447C66
:108F6000346D1259841DB645B565EFED5753E37F57
:108F70005CD404F74737C58541E6119D1C76CDD5F5
:108F8000859CB446335D141A5D9674497DBD4114C9
:108F9000F5E4E4C744002044C0051C571415598F5C
:108FA0005D71E4647B5450C71518FF178504515157
:108FB000DC732F75DCDE571170237554C7C45F98BE
:108FC000940DD530C40D97EDFC5B55E45B5B1BDF66
:108FD000511DF187C578D487570C653C545355D043
:108FE00071E4C41F9D0D9C5FC7F75C34C707AFD405
:108FF0001D1C5459E7D587D7FD49ECC5615745D3AA
:10900000F3858E9B8782AAEE02A0220A03BC788297
:10901000E2CE9FE61F9C28B0FAA14FB1BC227BE8AC
:10902000E2A4B872EF099CEC9A02AA47BA6013094D
:10903000E287E1A4A6E99970E303FCFED7F68AE48F
:10904000DAF962E9E6ACAE846CBA7A828922E3038B
:1090500033E9FAF8E6996E838E0A5BA3436368D915
:10906000EBBA73A28B79A56FBBBD43BD78A0EBEBC8
:10907000B8619A3B5EA60C3EF97AAA84A3EC3D380F
:10908000E2A74729BC65EAFE9F2AA46CF328027B6D
:109090006CE28243AB2BFB87AC6DFAFFF8C20B98F6
:1090A0000010E69B022B397308FFC1E2ED3CD78D1F
:1090B000D4188A9C8689BC42AF85A8FBE6EE8BFE5D
:1090C000F92462A35DE66BA4EFA776A28E8C62AF53
:1090D000E2822EA878E25CBA22A0268D8F04207846
:1090E000EB62718AAE580088B48AFBA42F4A8EE1E5
:1090F000B91D287AE8620A1290848625706202A55A
:1091000018B4678B1987E7EB3BBAC4A620EFBB9076
:1091100048F67FF163EF62EE1B8A8DC6A6CF2EFB69
:10912000A78B9FB41A98AE7BE263CCA6C18C2A476A
:109130007C20820B5308AAFCF872CB3763EE7BEBE2
:10914000EAE5393A8B1F61A852088E0EABFC0A0D76
:109150004968636342A3348360C6ACBF1A7BDB817A
:10916000FBEFEE8EFFE4D304BB23988FA1EAE8382F
:10917000EE997C5A23889BBB621B338ABD7AAA94E2
:109180000A2B122482999D3601688BBC62A383034B
:10919000CCBEA5EC86EB7D62EBE2E3498AA6FA023F
:1091A000FB7E83F86AAB2E9FBA9F618CA4E666A310
:1091B000BD9C2BA02B18BB9B9721E2BE9BA68FA525
:1091C0007EDBBEFAA6FF8C9CBD9C3A38E8DC34EC12
:1091D00062ACF8697BDD662B698402BB5828684A5B
:1091E000BAB0E86A797E7BCABB7B9C7CB83EE73C20
:1091F0009BF9AAC6832B8CACEA37A8C4088A6B26D5
:1092000008B29CE83C8094A8FAA6A7E0444167D83D
:1092100089EF5C36C200A4C51E3B58989F79AAE826
:10922000BBEB5C1C187BFFBE9FD2E9388223FBFCA2
:109230002B6A7A22FC12A72469A2600E21E2AC7983
:1092400022C39BC79C6A7AE76C8AE8EA25A9BE5BC1
:10925000AA5F2B487B2C836E1A22104DABDC7FB3A8
:109260009EA41E170BF87B9A3EA47C8AE59C18BB33
:109270009A9E8C94AE9320E4633A83EBE8F89C6F5B
:10928000FECFDDBEFC84684AF3AC589628F88C8E7D
:10929000AF6BBECFE8030123C3A8F82278EA3A2ACD
:1092A000A5EC00A8BEA98BEFE39EBA3F2760783BF0
:1092B000C4489826AFDBBBDE9F9CBE8EAA25607B90
:1092C000FEBC9EEA60A2AF73A3A9268E33EBE160D9
:1092D000F647E06E3AF162A29BB895A679129F28F4
:1092E0000B83EB1FA8BFFBDCBE9C0C1C8A9B039866
:1092F000F0EB9B00E14A1B19122E970F3B6BE2A487
:10930000EAD12A6998A362600B01CC0440820BB4B5
:10931000EBFFF4FFA6A4EE8FB0E2678C003AF28C6C
:10932000AAE3F1E297821D1E43A870834402E3443E
:109330008412A2E1806C8AA3FA9769D3240038874B
:10934000AA65DECABFC42CFBBF391068CA0680C339
:10935000E166B3A6AE9E31B8972BFBD6ED7E9D9607
:10936000E48285E286DC222B038FBDCFB16BA7CAD6
:10937000ABA6CD2EE7A8001364EBEF86C6973408A2
:109380000876E89808386DE3DF988D1AE7E7026AF7
:109390008C829F6A83B3FD167B892E6B3AF5187B0E
:1093A000626BA5502CB8188602B8FB86E7E3AC6C5C
:1093B000FAFD7892285B1B2DF48C0395BE6B1A0383
:1093C0001AAB9EFF2B9BAB51A38F28F28CB87BF876
:1093D000606C0120BA7C781AA20BC43AEB6ABA63BB
:1093E0009E8DAA8BBB1BFE2333FE220C8B39ECAE69
:1093F000EBEC87ADB89CE9BEDD1EA99229E6619D24
:10940000C092D7472B7D5CF45413BDD43F51579B7A
:109410000577715B5F53D555705C511DDD1450505D
:109420006CD5D54F5019F8503CD186075C13715953
:10943000FD7CD75F44FD7C9C59FF75C40D7BDD141A
:109440007D54D547E99D551DD46631F766485B9834
:1094500085C4075997E5585F5BAD7CE58701B4FF8C
:1094600066955D3C5D1885511574471454635BDF48
:109470001513730565D403E755F5F5F6E564517FDB
:10948000511F51EF9D7C5C09963D71215D1CC7A564
:10949000E5701C9C5A1F777BDD8440FDF44763DF39
:1094A0006457F7D51467190057BF51747317019F9C
:1094B00045F83D552151500440547F547417DDD672
:1094C000C455B347541B1559571F7AD9D7495B3731
:1094D00041FD5341E54743274745515F1371D4018F
:1094E000F4E71171DD85D08410715305DBD5558B00
:1094F000432586550D3DD5D04F950563C55C970333
:10950000DE859F5F9CE5C51560DFF59CBD0464E1C9
:10951000131945275F181F1BDD1DF71F95DF314607
:10952000C445774135605761545105B5C5FD5512A5
:10953000C67565DCE11007D8C731547690176372A1
:1095400051ECC777D21C7DD4810574612158955C9C
:10955000C59F9F15EB55D4F47D5A7B177F59109802
:10956000C585C71F5B59155C7452E707136BC504AB
:10957000C404D7961DC0D7D561C705001E19B0A574
:109580005B70674456F960785393DC7C5CD57384D8
:10959000B4D5070916854713FDE7D4853F5B5174A1
:1095A0001C197971595D98855513011CA0F45F75DC
:1095B000F447771141D3C6657B1F1D1F5781453383
:1095C000597C19461165DD1CE6457BF59C9DDC1D2B
:1095D00074445DC145556571C75F8474FF1DD95FD3
:1095E000DDFC10DB5379196065C54563B5DCF47F9C
:1095F0005174E7E345048C65F5391D659D755D186B
:1096000063F95347BCFE247D56F15DF7F564455977
:10961000714267C550876FD785C59E97710047E532
:10962000DF1D05D4ECDC758C1DD4155735D03415F1
:1096300079F45515E7F4500305F679F404CC1C19B8
:109640005D1751D058337F33C15D7D7A717C556190
:109650001C5CD59C143BDD137FF573CF9D9465CCCA
:1096600007ED4110EC40056F8614E178F57D51500F
:109670005584F50351455460408CA7DD5201715368
:1096800013370F5D3164D58A55D49710046974512E
:109690005DFB55645E2F5759D5DF4DDF731C55DCDC
:1096A0004B057C17933FFF95597CD4156444447552
:1096B00047FFFC1738F8732152654F571592C5655F
:1096C00061153377DD4305599C7751FCF475715072
:1096D000756479455F710FB3579D9D5440647765FC
:1096E000D454D573C5149D5311791C1F5B399C74D8
:1096F00081078B5D34D4D506256673850305AD558A
:1097000011CED7451C55F45F258965754547DC6743
:1097100054119553A77A595D789445C40707D565C8
:109720007147774545CD1C3071061317F564055513
:109730009F15C70D441D7E530741F557714001C564
:109740007DF58C17BDC57BD7276767119474715B56
:10975000840501851C145F5903FDDD189C470B131C
:1097600065DF63715C1617800444D79D3044AF57A2
:109770007F61EF657BC7450115D5C7F9157641FFB8
:1097800044D7DDD704A667D45DADD59666469795D8
:109790007959DCFD5DF54F5D139D130D975D7842A2
:1097A00057173155D1D5045389D51510479FF0442B
:1097B00077D55595F5F54D5FF5CE9D7460DFFBF7D8
:1097C000595D789364636090940D549D5478FE5570
:1097D00050379DF9744605D45499C3E45C5061E157
:1097E0007795700397445075D6B3DF048145BC5418
:1097F00097991D1CD5FE6705500359E66715C1559D
:109800008FFCBD1AF188A49FB9DE13A2A85CBA8EA2
:1098100087E74E1B6A8B0326CFB726DBA48F23E492
:10982000CABF2AA46061E4BAFF77235ABA3FEF9C0B
:10983000BF7E9B3EE723ECEEE7803382A1849C7BD6
:10984000BE5ABBBBF66A92AC61E26042A7AFEE06BD
:109850009AA778DA27E7EFA9FF173086A69FAC13FF
:10986000FF60E8EDFEED97D7BAE2DCA38D28032276
:109870000A3FADC4EB420BD08D85ABEBA7C4AFBFA5
:10988000AF6CFC9EABFEBB8BF6B8FFEF8E32A22214
:109890009C044A68F2236E83A7FEA308B8C6E22B95
:1098A00018A02CBAFFA7E4ACD8A6AEEFA4FDCE8CCE
:1098B00083A4FEA066EEEBE7E2BC3A8260AEB66E31
:1098C00043AB248AADBFFCF88E2402D6A7FDB4CCEE
:1098D0006893F8FCFF9F9EB7665B1A833DE08F9804
:1098E000AE3A9CBAFCE4AA0CF28860802688BC9F41
:1098F00024B9F6822308EB68FB7B198B37F2ABFBAC
:10990000C414A81228781A85028784A8286A787A4D
:10991000206A93A822E36A862F278054BBBFAAFC43
:10992000BFFC9FE731EF13AC1466029EA285ACFE2C
:10993000187280ECD28D0458F06BB6CF1A0D6262AB
:10994000852EF1ACE062AEA4E4E0062A3B0B8B93DB
:10995000221BEEAE9B988B3BC4238B3CDB8E976027
:109960008D7B131A9A630BFFB8E6EFF0B5ECFF9608
:1099700015A584842084ECFEAF06BB61AA1F191ACA
:109980006878AA2E80CBFE9100A293638EB9E32360
:109990007FF1861F0D0A9B1B336B1A6A2BABE28685
:1099A0001A38A6E6DBBFBBE7EBDE83AC020E9D8474
:1099B00086AFBF9D941CA28A3C102A79EAE6EC226D
:1099C000FA7C1AB28E87A4FECA84AEA46EFB3A8BD0
:1099D000B2C8C1A0E4EE73A7BAEF185082A042E269
:1099E000A325B66A18013A9C183A43A325A8FA9C05
:1099F0008EF829FCFC288223096026603E23AED71E
:109A00007AEAB7FCDF3A22CA29C08F1CA06FDDB901
:109A10000AF0108987203A3B7EF618A0BC840E8598
:109A2000A0C31A03C898B8EE1BE725E27788A9827D
:109A300068FE7A6373A762E4FA17023E1A0E7398FF
:109A40001858781A6243BDFAE99F9FBC873E988FE9
:109A50004A1B0B216A2BA8909CA89FBE7C7609B854
:109A6000E7ACB7838AA1EC7EEB26EABD3DA88CC8A3
:109A700078034125A1E88C2FD9A4FBA6EBFF5388DE
:109A8000380BEE61E4869886ECC3BC5CAFA7FE4F52
:109A9000CFB8AEFBFBEB18E6A38FBA6B9FAC0EAB57
:109AA0006B831BBAEEBFE098838C64BBBB73B8BFFB
:109AB000849CAABB8BA4E3E879FEFDE8B7BFEE6BFC
:109AC0002221000A0B1B2A1EEFFA9BBB60A7E5E2CE
:109AD000DCB7A4CA23EBC90A09037B27EB9DE42862
:109AE000E60238900AAB92E8BBC38DFABF3309AEE9
:109AF000EA63E38F020BAEA7A5AEAF8817899A9FE2
:109B00002BABE2E7BEFDCCA462968764FA7EA4AFDD
:109B1000F9A644BA67E35DB00A909E3B4C7AAD8CDF
:109B2000206382BF1BBB808EA3C78F226BE5C284DC
:109B30009B3A6B68B8A1EC7B88972562BDC46D7EAB
:109B4000EBAA670218BB3B7AF99EAFFD2FC2FBA7B9
:109B500011A47867AA86BFE6FABDFCF46DBEAFFF1C
:109B6000FB0759EA1B0A2224289BA7EB608CBEFF47
:109B70001F98E0BF44AA8BA1A66328EEFF7460E2A1
:109B80007BB466AB7A6086E3E5F3A66BCA82BAF86B
:109B9000883962FB83B42223EAE8AE9BEE9E2A203A
:109BA000B76283EBA4228EEFEDE6039B848FBF3A6E
:109BB000C808249A59CA1BF3D3A49F9C2A6F8360B8
:109BC0001BABA3DF8E30C03AAFFEECA6C0ACAAED53
:109BD000CF3C60BA9F6E78E3060C8BB67AD0EF0369
:109BE0001B7AE78E42296A8B22E9066B84BBAFA100
:109BF000A06023EAAFF6862BE78CAEFB8CB4E38C37
:109C000011191D91C439DD05077B9596455D0169E4
:109C10001D4627757147545243514151DB13F5538B
:109C200045014D57871D7C71E7D6E76E45ECE58C05
:109C30007EF54D36DF1D7B7374F145DBFF5F717878
:109C400078784241BC7EF7FDDFD155F3E771F775B7
:109C50005F11018442F545E1158F591255D49E4597
:109C6000854417850554697014D1CFD48255111CD1
:109C70004551540811430030C45B51457015179D80
:109C80009F1D44274160401B557B55045450786507
:109C9000DEB13C5317EFF558272D716087D8FF755B
:109CA000D4656ADF9B155F97977F6315F6601CCCC0
:109CB0007530A74540FF15791A54C785CC01195353
:109CC000D9531305655CA45473D3E775860F171D2C
:109CD0005F0112DD075F40DC540593C755991755A6
:109CE000DF55F54C045BD51441787F8D5553249591
:109CF00079F05F57612151411957CDB26530C40EDB
:109D00001D974C645946031008057A5B159F157022
:109D1000DD03C404C557C4FF5760975D19427D58E1
:109D20005C9D3D95D2F4C714DD5F9508FC581D532A
:109D3000C45404513D50DC9D5E38746160D69D0072
:109D40000345453560E4C7574D67FD55508C6C7130
:109D50001DF0ECFC7D1951BD50479B01D7051E65D8
:109D600035754C7B7CF51F5BDF9C9BFD4950D617FE
:109D70007133795A9114501C7590E3844C17738495
:109D8000D0FF651D97831C48797B10569594ED9CF8
:109D9000D44D629164E05855D7156301DF5937639C
:109DA000535478017498D544C7951F7F018418E5F2
:109DB000D4D587BDDC55D315D47D50E5144D9C5FBB
:109DC00071785415E1E4779584167F5DFEFC5C5C48
:109DD000135C14191D952571417BD57C55E547E130
:109DE00059B4FC411AB76C5407675572877DD86027
:109DF000F5F7647454E14079603C149505D6553DFF
:109E00001F21C40611C0085F77C543C59E7792CF56
:109E10006D517B7B4318FCD41B55D51D615B4751AD
:109E2000D27560751185655D89941B130953DF45F3
:109E30001715A5FDF353107C5D1C338D1704731D9E
:109E40001285FF7D57035C787179D34763E587748A
:109E50004CC531593A1DFD777C9C11C75FDF559881
:109E6000F4F7FF45730FD714137159984513007811
:109E700047051DDDF77F419D3161735C91ED1F85C5
:109E80001445951450CC14D1A5717F6155257EF7EA
:109E9000DC53C71465D40F630345EC757EDDD7042E
:109EA00065D979181107E5FCEC55017DD46C540493
:109EB00087D58517FD5D1B5B5995CFB5C4E455501B
:109EC00000C7057977DE152D57CDF51AA35F84D627
:109ED0008D17156385C44D0307DC13D3C77540DFA9
:109EE00069151B7D1D336147449D17375917691745
:109EF000461444349470F7E44557D707037B715BED
:109F0000575561C185064372D547E3433385E7DD85
:109F1000174564850507871153531D5D0641515D43
:109F200055858CBF5D001F7F5D1105D5E4B30343EC
:109F3000C46978F808595731F54D7C47256D5E1B8B
:109F400047FCDC2464B4C0041C94C51DFFA49BD54D
:109F5000697F5145161B579DE4A5D015B9118D1881
:109F6000C5C40647111955116370756271D265C673
:109F70007CDF7778DC1FD7E5635121FF51D764562A
:109F80005310343A4170DE9463C58FD54544F3C510
:109F9000607117C7164540D5BD731FFC5D135F90F8
:109FA000FCD7F5C4877777C587951D7039F657615B
:109FB00010175911C55C9679D5055AB117FD75DD95
:109FC00083767A3765E7D55D9DC77D3CB7E765F158
:109FD000E5576B5895F0FC551F97C445E4407F4406
:109FE0000DF8E6357E71E7F97450E07F40974347FE
:109FF0004364134F59D9545C5B7858D4F3C75F1549
:10A00000F18EC48A89A81A39520AB8EE9FB785A67C
:10A01000A002A70C22FBAF86828F9EA3EEC74E9BA9
:10A0200086478A72E9E4AC1A6B18B8BB982371C0F2
:10A03000E36CEA21BB2AABFB8FCA8B38A28FBA1B19
:10A040008F2398A26ABB82AA65F8E808580828BE40
:10A05000F44A233A5B1B78780A86A306AB1EA7EB6B
:10A06000AED0BC06B823C0686386391F2B630AB81C
:10A0700031603CAA038986B69A7BDB9C8E6AEABC77
:10A080003A12AF229958A0880C8A07BAF872C761B1
:10A0900082E03CF0FB9E0DEE930E681A3B7B8BAB8F
:10A0A00060C28F9B03393A8B9EAF7383EB058A2086
:10A0B0007B6362A37C9AAF748AAFEB69BAED5808F0
:10A0C000889FB86FD387BFA2E7A7DFE89CFC1A1868
:10A0D000B4EFFD96BD68FAFBB8AA8122EBFFBF2161
:10A0E000B2E24E33AB4C6B0020E07A1B8ABEAAC2B0
:10A0F000D9881E9BA5EC7A09378BF9B762FA2363DE
:10A1000022432B98A6EAFD9CACF18AB3E3AA7B23F9
:10A11000BC011A63137D20618268B82223E8A2CEB5
:10A120005B84D623FAFBF6606878BB7A62AF1BA229
:10A13000B7F08C88DC01EA1BAAC7A80CA0AC2BAB3B
:10A14000638FABF61A900F2AA0E0860BB83E6080B2
:10A15000C3AAA56044A8AC42E81AA95A967CEEFAB4
:10A16000FBB665AAA48C620383AC7A2AE962EC99F7
:10A1700072EB7A289A00FD60E4E4487BE2EB788099
:10A18000EC2E6AF6C602AE6DCB9F42AAAB22E2AEBF
:10A1900098AEF9C43BB0D4008E649321A66060826F
:10A1A0003367F6FC7F23A5ECAC870E20C387A5F1AF
:10A1B0008DE37FF1D89447EFEDF8FC62A9F2ED54FE
:10A1C00058DBE3EDA4E6A787A6687840AFBCEEFCB9
:10A1D000179EE40C2BE63882259A86848C9BABD69E
:10A1E0007B1A19E8B8BCAAFAFFEB5DBA9EAFEFE59F
:10A1F00088BF228A06098F0FB9E3219090AAEAEF5F
:10A200001E1A3A9F0EBFEFFBD69BCB23E26BA3F344
:10A21000A461274918029B188B0C7AEDF2A59C7C4F
:10A220003908AF380E9CA8AA6BBB1A03021ABAB839
:10A23000C31BF32042A7AEABB480688C9EAF000274
:10A24000EB866E8B4A8A3ACBBB77E9BA6AAC7A1B4B
:10A250008A11E0AB3B959BCF9482830F9FD58600FC
:10A260008487289A94E82A830968A8978EF392CF66
:10A270003B3B0A9FB29FBCE236026A7A3FBBE3CE09
:10A2800013BBE03878B0BB8828E68BC21AA88C6B69
:10A29000B69938FBBCE4CF1B8783958EA8028F3D0F
:10A2A000EF921FEC9AE6106CFCBE1B16E7CC183838
:10A2B00084A7FE6BED1833E1E6AF8E181B9A3F5B67
:10A2C000D3632B68E700ABDF27AC2E381B7B323122
:10A2D000E9D8AF9EDC26E395AE2B9F06B5B51208F4
:10A2E000EFFCBBFB1868626D8AA6EEEF9E9ABF96E4
:10A2F000E6CFA7E4FAC2A7FC24E0638008830CDA67
:10A3000008E3128CB48B3B58A38E246310686F94BF
:10A31000FE808668AB6BE60D8AAF26E70A18E08AF6
:10A32000A9BB5A2363EBE0ECA686EA1801FC962C45
:10A330001AEDEAF6CC0C9838DEDB364A8B9BBA264F
:10A34000F3206CC2B6ADEA785AE812EA0F8BA27B12
:10A35000EAE77B308C7AAFBE7AFB2B1AA28B0342E2
:10A3600086A18328E6BF2BBFABC7ABDB27898CA1B7
:10A370004FAB776B8820C9BCA3E88E189CBE9F8426
:10A3800002A26B6B633B3A7A602229FE078B93A58E
:10A390007ADB2E18F889FAEB5A8DAEB886036AFB81
:10A3A0003B606058A0A2E7ADECA29F51888CBC8AAC
:10A3B0003C38AC904A1AB70569F388BCF69442AEB3
:10A3C0009B9BD218E3AC6A8F9E2BA628F8EF4FA078
:10A3D0001D97ACBF958CE0EA9F03030E7FE5B2A109
:10A3E0006238FBBE3AB16C38A44C766FDFE3AB87C2
:10A3F000E28F0E8B5BA3C68E80A660EA59BCBC1AA6
:10A400006063C1105FDD7D70D00D0894640110534E
:10A41000507075D70F51741142E54771C56F517D6A
:10A42000C4757544FC15DD9535B594456062775F5C
:10A430005789FF581610C3EB17E5F54110DD95BDA0
:10A4400042711F78501191E7711DDDF7E5C6443860
:10A45000DD3C7215E45BDD1959168D67E5E14701B6
:10A4600041EDD51C7778D7704073F3DD349C1581AE
:10A47000C505517F757B5304445885110CF57D7DCE
:10A4800055599C40F0F2CF1941150051C41D7C3242
:10A490005B5C1D10645D10309F55734951784574A5
:10A4A0002047DDEF77E5A5543BD55F946F5F735789
:10A4B000154194278557D5D474657DD418795853A0
:10A4C00071553001552165174F9DFC9F0578591036
:10A4D00059185F9D551F05512DFDF761D5147B4916
:10A4E0009C95979D15DFE573D5D5755F71D41F31A8
:10A4F000D385A4650910515CFC1311796161777CE7
:10A500009F931367C52A7D74DE1703DE5C59594497
:10A5100075F6E55A4C95C595F54CF47ECD7CA7E7CC
:10A52000DB5741154151185CF7DD57335A60E6752A
:10A53000841DF5189575C90349F76F515F9C1F502D
:10A54000E476C5325B189629DC1C74C450FC5D9718
:10A55000F5C475E77C511045411420D57F7D2379E2
:10A560007F45D511941014151F031DD9D55784109C
:10A570005AF71D545B75F5F5DD54DC1440C464C412
:10A5800032716B71D5F4437FFD55B7E5D6458738F9
:10A59000A55473D725F5345057D7056B5BD795D4A1
:10A5A00085E4754115989BD7D777497F5344DD14CF
:10A5B00059AF87045695FFDCD75F950758195D9909
:10A5C000D566DD0095079955C05CDC578C15F4A75E
:10A5D0006164F5F4059DDD76F5578474176345D401
:10A5E000F5415C2791F7475504549565875D552DD6
:10A5F000FCD46D70D545646403400410471F101FE0
:10A6000077C7E56478D0433C70627DD5C40183F59B
:10A6100075506377F8974B7196FD5440C517584CA9
:10A620009F7C5832C96853D864E3FD5872F7C474EC
:10A630005D1457E007175F0499517C7563735D4C97
:10A64000DB657740117A15E7470D7B9F172BD534D3
:10A65000D405435799C59C7D7D1BE77C5156757D7C
:10A660008500491420415F7758747597CD945D9C9F
:10A6700047859525551D10714E051118537FC54509
:10A680005A551CC567F7DF77874443316154D514A9
:10A690005E8779F7579C185D65E36C9C1160697D56
:10A6A000D58597FFC52791551B1D55E48647515603
:10A6B000B4C4E7E54BD4C4D741D40540C5C585ED46
:10A6C000468013B1451341740711495010A57561B7
:10A6D000775953777558093417C5C4595010F54543
:10A6E000FF5971FC155D517FF755959F5311977F69
:10A6F000ED716057557655031F7061569F1150D408
:10A7000071F305445D017C7955ECFCD5C45FD54CF3
:10A71000D505F57E731D5AD3A54466C97F5671FFD2
:10A72000581D54979D06051F515E7D1B53635B5555
:10A730001341D15711B0646341F5E51C10441DE08D
:10A740000703645879E5EC06D7DD554FD709195D45
:10A75000977D1459D5F55705D4C54553436550FD2C
:10A7600003D4D4E471D49557CF071F775D11744497
:10A770007C57579FDF151D56550918D08445CF7556
:10A7800054875041549D3E5479A557534500D4CF2A
:10A79000707351F47C5671D45579FD45E7FFDC9414
:10A7A000D4657851DD34581DB46442159775D7438C
:10A7B000744379585B5495018566C15644D41C4452
:10A7C00065D4BF4FF57C575B51D49471754018DD4B
:10A7D000577DD1C4A45C9C456158D717403095740F
:10A7E00094487766E797970C14FF176576E5776DC1
:10A7F00052D7DF6475D9151313572555101B111146
:10A8000098B82A90E162D8B22F63BC9843E95C39CA
:10A8100084BAFF87B7FAE384E2836323E2A580A3C7
:10A820001B9E0ADA9C5A01EBBE1B22B8000D0523C1
:10A8300072ABF75BF4F60B9874B18FBCCCECA81834
:10A840000E183BEBB8968A0ABCF56E9FBCF83EE743
:10A8500022BBDCA26AFE018BA9A9FEAB8FBCF9AEBC
:10A86000F81A366863BAAEA3E3E9D2C78B113C2C61
:10A870000C39782068AEE5FAFDFFCB1C369FBC533F
:10A88000883E89C6ACCFAE70BC8E07F1FE23E807C8
:10A89000FFDF1B9B33B8EC4A9397A0C2A36100EA89
:10A8A000BBFF1A8426A36CA3A78F1B2FF92259A8DC
:10A8B00052AB3F9ABEDCA915788B22E384F2E120EB
:10A8C0000ECF85AAFFC3843AA89B008802FF2327E6
:10A8D0003A83E16FAAB878C7A84681BAFE090A3858
:10A8E000A104A79BB46CF87BEC0CEA9C9C388E0E00
:10A8F0007E74CAFC7C70FCE1E68C008B230F3BA3CA
:10A90000E56CA34B83AAA406033A04FA8DFA7FFBF5
:10A91000C587B838B34E9BEF17C39BE3AEDCAA5391
:10A920005B30C8FAFE87BF70233A23E173C09AE513
:10A9300063EAA5E60B860A78AE203968EFF2E718DD
:10A94000940A01FB8F1A0B196267E200B8EFA44B5F
:10A95000AFDE1B2804860B7BF94A1AF08C28806630
:10A960001C0203A3214A2BC98E8C8281A0C286A01F
:10A9700067E3ED9A225907A380A2AAEAE00A380AFF
:10A98000608BCCAA8CA4E0E6E46266A7E178FAC406
:10A99000A0EB69385023B0088894A683A7198B01CF
:10A9A000C8AA0B9C219B9A1AEBC4AE87EEAF67A096
:10A9B000A5A48DBCFCEE25226DD88C68A82B138B2A
:10A9C000E6F91E73EC9ABB2EBFE09BBCF064020656
:10A9D0007A0A8B9A09BABFBE3AB8E8702BF38BAAF1
:10A9E0001202812AA9DAB6888AAA8F848E3BE0F8FF
:10A9F0002428E01A9A87A723028831008AFD385A52
:10AA0000E2E6D1B392662B379C7BF19B87EC403812
:10AA1000E4A84C384A1B9E1D32E2F62C329320E209
:10AA2000A4CB9CA02879FC8F9F1FBF8726202A11CA
:10AA300063CF4B0AFD10BB6053CC2BBB5A2BD020ED
:10AA4000817C7A4020AFFA939FFFE73C6BA7638835
:10AA50003B6BDABF138F7E5E019A13A46C127A7B74
:10AA6000FCE2EA2B2AF3230A1B5B238B3BA9BCBD28
:10AA700097ABE2E0CC9DD08F07E9DF002D989F9C3B
:10AA800083921DDA214C190B0A998CB6C6A6A99996
:10AA900017091AFB72478203692A93AD8628F8AE1C
:10AAA000CB9B26EC3062FB870F3BC21C826AE01016
:10AAB0003E381832EA6B9B48BAE8CFE723AEAFE7DF
:10AAC000D4A8EBE9202ECF8FA700F8CC2EFBE0A670
:10AAD000C4FF8288BBEBBFA702A48CF408AC7E0342
:10AAE000FAFAEE637AA42879E6FFCFBBFC7E8E24C7
:10AAF000ADEE72C3ABFC7C389C1A3B39EAFC6ABFF2
:10AB00008287EEFAF9FE66BBA6C08C86A3E2C4E09B
:10AB10001A61FA6BDB38E2EAE38063E877B0C4A835
:10AB200064DA1429588D186A530338A6232303C8FE
:10AB30007A080B87038C1A35628C6200E3CE9AFB8D
:10AB4000C0F4C68C3CE286AC5A6A9B9FB89E9F6953
:10AB50006BE89837A8F8F8FC22813A090AE3E3E5A4
:10AB6000FEEFA6E18DF6EEBE582A8A62E3ABEBF665
:10AB7000F86878A49E37A363E01AA1720A33C2CEA4
:10AB80006BA3BB4682AAFF66EBB1EA3F2AD8A68A2E
:10AB9000B8E8E6E70D18B8E8606084AAE0F78EEF41
:10ABA000232AFEFBFA102739BA2B7B581AA0234A16
:10ABB000A2EEBEAA29685C0A3B6B6B9FAF07C7F881
:10ABC0006B94FAED7008002B18FE160B88BEE68910
:10ABD000E8EEFB9ECDDB0633C8BA5B713B84A288EE
:10ABE000B99B662A841AFBAD1BABEFE3EF9EA97BF2
:10ABF0006980E0C8E42773E8C418620ABB2FE5E265
:10AC0000CC70509A11F5737B71D715482709705C89
:10AC10007954215455C58761D71554D48587C48587
:10AC2000EDD6751F1F1B5357050E5D55040C5D9027
:10AC3000059F5408197DE771E5385B8403755575E8
:10AC4000DCBDC19484EC5D7973517550516CB0E4F6
:10AC5000477B51EDFEF7DF1478D8BEFF17DB954533
:10AC6000D450BE7CDFD575C497D7558577377150E2
:10AC70009D75471F7B508711500F1719C51D108FE9
:10AC8000FD774395110510D85CF744545EC7C5475E
:10AC900014F17653DB5984216CD41E9D151815FFD1
:10ACA0009DF467F145114D51D7556C227C559D504F
:10ACB0007171DA7F53470B597FF1543479D15CDCE1
:10ACC0001956F744450DF55000071F6314404045E1
:10ACD000DD509577C17545151C9DE6D90DDF97753B
:10ACE00074657D509995C555E654315E59067B8C47
:10ACF000E444E7F9F745801F7D746155DC77510125
:10AD00009E448C0589F7FF45E874D55B155A3F7959
:10AD10000B5385FC405659144095077145D11D5D74
:10AD200005D473A35FB13F3D1906004B01154310D5
:10AD3000489F9D6440606585879D1505570550CFE8
:10AD4000410107551108DC12FC5171137060D85D88
:10AD5000C055F4D13F5B5FF994E44420459D5C11FC
:10AD6000E552D1471D667D39981F9D149D15974763
:10AD70007441B64553959704569561111997969469
:10AD8000D57E457CCC34F74510D515605C97BC5F0B
:10AD9000445C5007000605F444791DF1871555679A
:10ADA000E576553400F46257C4DD5D65ECF5551F5A
:10ADB0004500DDFD71D0208C744B5F157447F18721
:10ADC0009C777C7F51F47C84105C10D497E5D5C4CB
:10ADD00040B177FD5715737D9E850FBB91041F957C
:10ADE000537D1DF4F94347015D21760578FD5D5BD8
:10ADF0005D5405980450C3579086DDE6557441F9BB
:10AE0000676761ECDDDE7571975D5C1A3D534F1D20
:10AE100075CE5A7B1E316524507515455415C60DE7
:10AE2000593D58B65DD7199F040BC5546B1577254E
:10AE300095072DDD23FD155F1751FC75706C1033E0
:10AE4000E4500476F5599DD544577D7C751015194D
:10AE500002DE1BFD5895B645849D075D405461DCBC
:10AE600065F7C51A3057756850195C71F4151415DB
:10AE700051C11451D645B578E7C41C77871B18CC4F
:10AE800040D5F77461A19F73419F6157646F505C17
:10AE90009761445F3975FCEFDE1184735759F447AD
:10AEA00065C55C93D52550C598E7DDD567D555496F
:10AEB0001F11E065FF771B1C11717B4F7ECFA44FE4
:10AEC000540134761FD9F79F055F1B7996B155DF82
:10AED0008C5403037DD71B7B77A665D4D50944CD5D
:10AEE0000703F4775A7F6D5451974D54E5407B4DDD
:10AEF0005507375660535D97FD17C7545F5E776FF0
:00000001FF